%	 365
%	 15
% Key	Time	nnit13	GWl3	GWl25	GWl32	Wt13	Wt18	sol71	con47	At47	Smoist24	q13	q18	rain	
1	2015-01-01	1.75024968461538	0.480899760416666	0.948640979166666	0.177815994791667	5.21680555555555	5.19902777777777	19.2396666666667	0.0408180555555555	1.8859375	0.361015625	37.11286171875	34.9591632256944	0
2	2015-01-02	1.94910865384615	0.516133598958333	0.867342734375	0.175711682291667	4.99756944444444	5.00125	12.1246666666667	0.0371815972222222	2.51533680555555	0.364833333333333	43.2732493888889	40.9564014583333	2
3	2015-01-03	NaN	0.537560057291667	0.832675354166667	0.166034104166667	4.99878472222222	4.97128472222222	11.78090625	0.0359302083333333	1.68017013888889	0.360098958333333	44.5570480243055	41.6291900173611	1.9
4	2015-01-04	2.08594652173913	0.521845307291667	0.845401760416666	0.149101026041667	4.87854166666666	4.85743055555555	30.9170590277777	0.0357243055555556	2.67508680555555	0.362942708333333	51.7014388368055	46.4153994965277	2.5
5	2015-01-05	2.5034527266028	0.522178489583333	0.806789427083333	0.189351270833333	4.72510416666666	4.65472222222222	64.6211527777777	0.0361423611111111	0.606333333333333	0.360390625	44.80978409375	42.0752436458333	0
6	2015-01-06	2.51549166666667	0.549152583333333	0.796357640625	0.284926973958333	4.20388888888889	4.2234375	15.20046875	0.0357055555555556	-2.6195	0.354348958333333	36.5172606909722	34.6250910833333	0
7	2015-01-07	2.34688717948718	0.571399265625	0.832866286458333	0.309592145833333	4.82947916666666	4.81729166666666	36.0056597222222	0.0356954861111111	1.45154513888889	0.34959375	31.4153370694444	30.2389073368055	0.5
8	2015-01-08	2.2113813559322	0.501716026041667	0.8247138125	0.2749260625	5.3665625	5.32006944444444	7.72907291666666	0.0357524305555555	5.05185069444444	0.355473958333333	46.5650116840277	40.0191552777777	5.7
9	2015-01-09	NaN	0.168097130208333	0.756585364583333	0.180490244791667	5.77774305555555	5.74354166666666	15.1761666666667	0.0353263888888889	8.01562152777777	0.364166666666667	62.5359719444444	54.1783400381944	2.5
10	2015-01-10	1.99756145833333	0.0631032447916666	0.671579692708333	0.139483854166667	7.41489583333333	7.35295138888889	36.5622777777777	0.0336079861111111	11.8334444444444	0.43421875	95.5464674305554	75.0953699895833	2.3
11	2015-01-11	2.40842460744154	0.080268875	0.6336171875	0.168341208333333	5.52114583333333	5.44902777777777	7.78759374999998	0.0329954861111111	3.75976736111111	0.393807291666667	67.769521	56.2394297916666	0.4
12	2015-01-12	NaN	0.218215072916667	0.644750328125	0.208240671875	5.83385416666666	5.82708333333333	7.58982638888887	0.03274375	6.15347916666666	0.362020833333333	50.9733849895833	46.5295569340277	0.4
13	2015-01-13	1.98232283018868	0.363610963541667	0.647967973958333	0.236988453125	6.43215277777777	6.39173611111111	44.0243402777777	0.0328503472222222	9.17337152777776	0.357953125	42.9719257881944	40.8746666875	2
14	2015-01-14	1.9580875	0.340707932291667	0.669470651041667	0.194102463541667	6.05729166666666	5.93899305555555	11.3643854166666	0.03309375	4.93076736111111	0.359083333333333	45.2857691319444	42.2603957361111	4
15	2015-01-15	2.07242094797355	0.32454715625	0.645967098958333	0.215737208333333	6.05805555555555	6.05680555555555	18.7196944444444	0.0333399305555555	7.25776388888888	0.363114583333333	41.4646403472222	39.4364670555555	0.2
16	2015-01-16	2.12830070422535	0.447973203125	0.668470239583333	0.241575151041666	6.52482638888889	6.43368055555555	1.01659722222222	0.0333607638888889	5.88325	0.356921875	36.6608651145833	35.2217687048611	1
17	2015-01-17	1.99844528301887	0.516436098958333	0.698770114583333	0.264503208333333	5.93694444444444	5.80989583333333	33.6226597222222	0.0335677083333333	2.67089236111111	0.354984375	31.9728645486111	30.85080615625	0.1
18	2015-01-18	1.96917031823745	0.556156182291667	0.705499286458333	0.301733916666666	4.80993055555555	4.73385416666666	62.3293680555554	0.0339239583333333	-0.632319444444444	0.351828125	27.8782027048611	26.8141027395833	0.1
19	2015-01-19	1.98037291666667	0.579664166666667	0.705677216145833	0.323283877604167	4.73354166666666	4.68057291666666	44.0251545138888	0.0342090277777778	-0.416465277777777	0.348994791666667	24.9155220243055	23.9163334097222	0
20	2015-01-20	1.9788981438959	0.595066151041666	0.721082473958333	0.330240583333333	4.63128472222222	4.4878125	18.0110416666667	0.0343864583333333	-0.531461805555555	0.348	22.7768538993055	21.7859397256944	0
21	2015-01-21	1.973683662314	0.618671604166667	0.738037317708333	0.358199223958333	3.94326388888889	3.88020833333333	19.3565381944444	0.0350822916666667	-2.1235	0.347427083333333	19.7877322569444	18.9484065833333	0
22	2015-01-22	NaN	0.641072135416667	0.763010432291667	0.36329009375	4.21850694444444	4.14947916666666	12.5947048611111	0.0359680555555556	-0.00634027777777813	0.345677083333333	17.4035457152777	16.8090512708333	0
23	2015-01-23	1.84958333333333	0.661842276041667	0.79394465625	0.380250578125	4.29381944444444	4.19465277777778	33.6953715277777	0.0365263888888889	0.265388888888889	0.344	15.3650053402777	14.8260707361111	0
24	2015-01-24	1.8249502690583	0.667400088541667	0.793764088541667	0.39006525	3.83263888888889	3.77038194444444	15.2932013888889	0.0370486111111111	-0.869336805555554	0.343692708333333	14.7182485555555	14.0569870451389	0.1
25	2015-01-25	NaN	0.690544088541667	0.823254390625	0.367049401041666	3.99118055555555	3.93951388888889	50.7555902777777	0.0374677083333333	0.987614583333332	0.343723958333333	14.2343207638889	13.8016754548611	0.5
26	2015-01-26	1.41025	0.6354733125	0.795367697916667	0.286044864583333	4.34416666666666	4.23204861111111	14.4154895833333	0.0380513888888889	1.65135763888888	0.351307291666667	17.3257652708333	17.1598079131944	3.5
27	2015-01-27	1.64012443349754	0.603459338541667	0.78858684375	0.277501661458333	4.26829861111111	4.16680555555555	32.9148784722221	0.0385225694444444	2.69121527777777	0.356447916666667	19.8675561111111	19.4563781076389	0.5
28	2015-01-28	2.07612625754527	0.605248671875	0.758225130208333	0.272279234375	4.51555555555555	4.4071875	18.1026805555555	0.0386604166666667	3.22169097222222	0.352713541666667	21.4851066111111	21.3612621041666	2.8
29	2015-01-29	2.20900392156863	0.559263265625	0.700621364583333	0.218636067708333	4.0153125	3.90385416666666	45.0405624999999	0.0387795138888889	2.28373958333333	0.360776041666667	28.8657492083333	27.8548541215277	2.3
30	2015-01-30	2.02612929292929	0.523229625	0.668047328125	0.184474182291667	4.04604166666666	3.95347222222222	60.240204861111	0.0387163194444444	1.20941666666667	0.368052083333333	41.1312101805555	37.412132625	1.6
31	2015-01-31	2.48640104166667	0.589236619791667	0.687513338541667	0.243668494791666	4.05743055555555	3.96010416666666	60.8931631944443	0.0386538194444444	0.929559027777777	0.358416666666667	30.6694035069444	30.0887412534722	0
32	2015-02-01	2.436153125	0.621081354166667	0.720551369791666	0.278740114583333	4.055	4.01864583333333	40.407579861111	0.0384809027777778	0.227548611111111	0.351739583333333	27.0864047777777	26.778975875	0.3
33	2015-02-02	2.31692395833333	0.589311984375	0.753087942708333	0.314800635416667	4.11986111111111	4.03677083333333	52.6322708333333	0.0381256944444444	1.13035763888889	0.348067708333333	25.58561259375	25.9335727395833	0.3
34	2015-02-03	2.23084479166667	0.532910635416667	0.772415833333333	0.350433333333333	3.98329861111111	3.88319444444444	41.7143958333333	0.0378097222222222	0.508482638888888	0.346411458333333	24.8559566423611	25.3753028090277	0.2
35	2015-02-04	2.20241979166667	0.553872833333333	0.810429713541667	0.366842333333333	3.429375	3.36048611111111	65.4766249999999	0.0376708333333333	-1.29871527777778	0.343854166666667	21.6937858402777	22.2419921840277	0
36	2015-02-05	2.18549375	0.575929505208333	0.836977447916667	0.398556901041667	3.01517361111111	2.99607638888889	60.5131493055555	0.0375916666666667	-2.21140972222222	0.350072916666667	19.1532046979166	19.5479521145833	0.1
37	2015-02-06	2.15647604166667	0.598338890625	0.859648421875	0.414939213541666	2.78760416666666	2.74229166666666	86.7808124999999	0.0375826388888889	-1.14562152777778	0.3445625	17.0198598506944	17.1286944270833	0
38	2015-02-07	2.13647083333333	0.617427901041667	0.878059885416667	0.433021421875	2.63385416666666	2.6415625	101.006517361111	0.0376260416666667	-0.927274305555556	0.338526041666667	15.1433543958333	15.1877304270833	0
39	2015-02-08	1.68496875	0.6296208125	0.885041619791667	0.425308421875	3.47618055555555	3.38798611111111	71.764892361111	0.0373875	2.13816319444444	0.337177083333333	14.1963885069444	14.4722530520833	0
40	2015-02-09	1.9100125	0.640287333333333	0.921440869791667	0.413482671875	3.81618055555555	3.75642361111111	20.0252395833333	0.0373840277777778	3.25274652777777	0.335875	13.3617972256944	13.9154911701389	0
41	2015-02-10	1.74610729166667	0.653878921875	0.953374817708333	0.391704265625	4.56069444444444	4.43388888888889	30.4711666666666	0.0372902777777778	4.3735	0.33459375	13.1117790833333	13.7912445694444	0
42	2015-02-11	1.69415377290434	0.648928765625	0.952653979166666	0.403813291666667	4.34802083333333	4.19972222222222	25.7276180555555	0.0373975694444444	2.45429166666666	0.335731182795699	12.4569515104166	13.1233478402777	0
43	2015-02-12	NaN	0.649859140625	0.956053104166666	0.416885677083333	3.93513888888889	3.83208333333333	21.4471458333333	0.0375788194444444	0.735555555555554	0.338	12.0761919375	13.0828068680555	0
44	2015-02-13	NaN	0.65062546875	0.95481253125	0.422698921875	3.79461805555555	3.7003125	41.995954861111	0.0376760416666667	0.39982986111111	0.338	11.8250538854166	12.5354675138889	0
45	2015-02-14	NaN	0.657278421875	0.9574035	0.428231442708333	3.58184027777777	3.52170138888889	89.9339270833332	0.0378111111111111	0.824645833333333	0.338	11.2405775208333	11.9031192152777	0
46	2015-02-15	NaN	0.682302661458333	0.976234697916667	0.435317828125	3.15135416666666	3.09111111111111	101.4636875	0.0379763888888889	-0.0427465277777773	0.337177083333333	10.4294451493055	11.2699186076388	0
47	2015-02-16	NaN	0.708300010416667	0.996408645833333	0.439274276041666	3.36149305555555	3.35069444444444	52.0126145833332	0.0380361111111111	0.07478125	0.33571875	9.46897481944443	10.5311006770833	0
48	2015-02-17	NaN	0.738797458333333	1.02378658854167	0.441640744791666	4.06770833333333	4.01458333333333	36.7881041666666	0.0379583333333333	2.34355208333333	0.334239583333333	8.78158801041666	9.80510711458332	0
49	2015-02-18	NaN	0.743711109375	1.03203752083333	0.449713666666667	4.64600694444444	4.56635416666666	49.0636319444444	0.03798125	3.19278472222222	0.334635416666667	7.87792515625	9.02819784375	0
50	2015-02-19	NaN	0.723582208333333	1.01753865104167	0.452753640625	3.62364583333333	3.63885416666666	34.5457222222221	0.0383225694444444	0.509562499999999	0.33440625	7.56732796527777	8.86164952430555	0
51	2015-02-20	NaN	0.702960682291667	0.997375989583333	0.451203666666667	4.70184027777777	4.66409722222222	66.1331319444444	0.0384475694444444	5.55940625	0.335583333333333	7.55587296180555	8.88630366319444	0
52	2015-02-21	NaN	0.705885786458333	0.997501239583333	0.450040333333333	5.22045138888889	5.15947916666666	34.9577673611111	0.0386253472222222	4.89565625	0.336015625	8.00807479861111	9.45319276041666	0.6
53	2015-02-22	NaN	0.750497869791667	1.03273171354166	0.455353234375	4.23746527777778	4.21145833333333	77.9802847222221	0.0391201388888889	1.8133125	0.336401041666667	7.27915657638888	8.43349960416666	0
54	2015-02-23	NaN	0.733555447916667	1.01232638541667	0.4374094921875	3.43586805555555	3.44211805555555	16.0694201388889	0.0395729166666667	1.03285069444444	0.340286458333333	8.55655322916665	9.72786921180553	6.3
55	2015-02-24	NaN	0.755800640625	1.02802404166667	0.372191921875	4.15784722222222	4.13496527777778	63.2933090277777	0.0397583333333333	3.12371527777777	0.358302083333333	10.4222027118055	11.8332699305555	1.4
56	2015-02-25	NaN	0.751586348958333	1.04729888020833	0.3829679375	4.18041666666666	4.21211805555555	80.5314374999999	0.0402100694444444	2.15989583333333	0.353989583333333	9.70644720833332	11.2386611979166	0.2
57	2015-02-26	NaN	0.739788734375	1.0456829375	0.401786682291666	5.15895833333333	5.09982638888889	59.8127951388888	0.040215625	4.64854861111111	0.346255208333333	9.14771381597222	10.8019280277777	0.3
58	2015-02-27	NaN	0.663475125	1.03484858333333	0.357636369791667	4.95196180555555	4.90355902777778	20.0814548611111	0.0403284722222222	3.76881076388888	0.360520833333333	17.3961479982639	19.2791409670138	6.5
59	2015-02-28	NaN	0.61986040625	1.027716703125	0.344360479166667	4.39951388888889	4.35100694444444	104.677986111111	0.040371875	1.75626388888889	0.363166666666667	19.1642918958333	20.6161231458333	0.1
60	2015-03-01	NaN	0.614369072916667	1.00599494270833	0.345160536458333	5.04510416666666	5.03614583333333	69.450704861111	0.0400454861111111	5.27622222222221	0.358807291666667	19.2609956527777	20.8512669583333	3.3
61	2015-03-02	NaN	0.58354921875	1.01272469791667	0.323895229166667	5.27965277777777	5.21284722222222	122.665086805555	0.0395916666666667	5.45546875	0.368640625	23.0499686666666	24.9829777430555	3.9
62	2015-03-03	NaN	0.550041588541667	1.01472009895833	0.322551833333333	4.70555555555555	4.71822916666666	121.029520833333	0.0392645833333333	4.77607291666666	0.366239583333333	24.2415134826389	25.9621471875	1.5
63	2015-03-04	NaN	0.5468975625	1.01675333854166	0.330818010416667	4.79041666666666	4.75145833333333	92.6839444444443	0.0386038194444444	3.52406597222222	0.360046875	24.5919975277777	25.8562706111111	0.7
64	2015-03-05	NaN	0.55193284375	1.02838060416667	0.351723364583333	4.949375	4.91694444444444	97.6288819444443	0.0379951388888889	3.82038888888889	0.355635416666667	23.8052121076388	24.7006984409722	0
65	2015-03-06	NaN	0.5476941875	1.02237169791667	0.378068135416667	4.80826388888889	4.83475694444444	70.7010034722221	0.0374864583333333	2.59884375	0.349171875	23.5360554131944	24.0207394340277	0
66	2015-03-07	NaN	0.544410359375	1.01569122395833	0.39912025	4.88857638888889	4.87774305555555	95.3754305555554	0.0369927083333333	2.35518055555555	0.3463125	22.2968204548611	22.758945125	0.1
67	2015-03-08	NaN	0.542367010416667	1.012216328125	0.410802697916666	5.18621527777777	5.16670138888889	112.609916666667	0.0364208333333333	4.23572569444444	0.344	21.0939316493055	21.5509860868055	0
68	2015-03-09	NaN	0.558488416666667	1.024594625	0.420275666666666	5.79649305555555	5.68295138888889	125.306472222222	0.0359868055555555	5.15621874999999	0.343625	19.1018969895833	19.8220101145833	0
69	2015-03-10	NaN	0.571064447916667	1.034579203125	0.424055432291666	5.58732638888889	5.53038194444444	31.1786770833333	0.0358503472222222	4.16628125	0.343484375	18.4575178229166	19.4150322847222	0.3
70	2015-03-11	NaN	0.583306005208333	1.0399660625	0.42928140625	5.173125	5.12229166666666	170.435934027778	0.0359305555555555	2.64448611111111	0.342958333333333	17.1096741319444	17.8947758715277	0.1
71	2015-03-12	NaN	0.589636598958333	1.04072472916667	0.43699459375	5.02565972222222	4.97951388888889	161.528065972222	0.0360329861111111	3.36810416666666	0.345010416666667	15.4069410555555	15.7387922465278	0.1
72	2015-03-13	NaN	0.590463583333333	1.03816786458333	0.442753848958333	4.66795138888889	4.69118055555555	77.4564930555554	0.0362201388888889	2.08938888888889	0.344921875	14.3840615104166	14.4341196631944	0
73	2015-03-14	NaN	0.609333744791667	1.05044378125	0.445703666666666	4.72357638888889	4.71041666666666	21.7719791666666	0.0365069444444444	2.66977777777777	0.344041666666667	13.1633933645833	13.2860976493055	0.3
74	2015-03-15	NaN	0.61741578125	1.05365689583333	0.426341614583333	5.10934027777777	5.06583333333333	26.9799548611111	0.0367461805555555	4.05812847222222	0.343375	12.8345464201389	12.8149951909722	1.4
75	2015-03-16	NaN	0.635892828125	1.06825024479166	0.433517421875	5.37105902777777	5.26364583333333	135.309604166667	0.0369739583333333	4.88338541666666	0.345880208333333	12.8808581770833	12.6608723732638	0.1
76	2015-03-17	NaN	0.652907208333333	1.08597613541667	0.456922536458333	6.01107638888889	5.94076388888889	140.633225694444	0.0370947916666667	6.5602673611111	0.34634375	12.8260441111111	12.6891490590277	0
77	2015-03-18	NaN	0.65824375	1.0945900625	0.467213807291667	6.79763888888889	6.68413194444444	147.710756944444	0.0371774305555556	8.33870833333332	0.346390625	11.4794695381944	11.5025364409722	0
78	2015-03-19	NaN	0.663329729166667	1.104133578125	0.474123083333333	7.08857638888889	6.94454861111111	146.358527777778	0.0373496527777778	7.38289583333332	0.345510416666667	10.7106901076389	10.7412633402777	0
79	2015-03-20	NaN	0.663487979166667	1.10253315104167	0.47715484375	6.11465277777777	5.99305555555555	142.748145833333	0.0375135416666667	4.63956944444443	0.344791666666667	10.4423932152777	10.1576760729166	0
80	2015-03-21	NaN	0.66461990625	1.099323234375	0.477161104166666	5.64173611111111	5.63982638888889	51.4609513888888	0.0375708333333333	4.23602083333333	0.343192708333333	9.77002609722221	9.40001236805555	0.5
81	2015-03-22	NaN	0.674954510416667	1.12280351041666	0.480417005208333	5.19763888888889	5.22413194444444	83.8462916666665	0.037671875	2.30404166666666	0.343	8.77862996875	8.36308360069444	0
82	2015-03-23	NaN	0.67079165625	1.10524889583333	0.477896221354166	5.03027777777777	5.04826388888888	152.818118055555	0.0377645833333333	1.81492708333333	0.343307291666667	8.606823125	8.12230434722222	0.1
83	2015-03-24	NaN	0.670108104166666	1.098851859375	0.473488947916666	5.56899305555555	5.56913194444444	86.974236111111	0.0377274305555556	3.74499652777777	0.343416666666667	8.35047179513889	7.88947045486111	0
84	2015-03-25	NaN	0.674587458333333	1.10785574479167	0.47236571875	6.88982638888888	6.78006944444444	171.836756944444	0.0377840277777778	7.57926388888887	0.343317708333333	8.09029436805555	7.93368961111111	0
85	2015-03-26	NaN	0.68263403125	1.12655731770833	0.476312505208333	6.79045138888889	6.80454861111111	62.7394895833332	0.0381166666666667	6.74959374999999	0.343182291666667	8.42009217361111	8.46254747916666	0
86	2015-03-27	NaN	0.6926499375	1.15019615104166	0.479375833333333	6.56458333333333	6.57100694444444	103.253986111111	0.0382902777777778	6.47359722222222	0.343067708333333	7.50430069097222	7.42707619097222	0.6
87	2015-03-28	NaN	0.690647635416667	1.14703611458333	0.48193765625	7.08197916666666	7.04673611111111	148.926805555555	0.0382423611111111	7.8389548611111	0.342958333333333	6.60339829166666	6.89751132638888	0
88	2015-03-29	NaN	0.678178854166667	1.11065761979166	0.435081125	8.31458333333333	8.24614583333333	60.3437499999999	0.0382163194444444	10.4787326388889	0.349739583333333	12.17777959375	12.7637860347222	9.2
89	2015-03-30	NaN	0.6692025625	1.09159331770833	0.3122166875	7.081875	7.06045138888888	161.266329861111	0.037859375	7.11502430555555	0.374067708333333	19.4217156076389	19.4437732083333	1.6
90	2015-03-31	NaN	0.517484901041666	1.02734147395833	0.293350354166667	7.165625	7.0809375	133.063329861111	0.0377777777777778	8.49160416666665	0.400802083333333	46.1539285520833	42.9005407638888	10.7
91	2015-04-01	NaN	0.53659578125	1.00446430208333	0.258116380208333	6.13798611111111	6.17232638888888	152.389315972222	0.0366746527777778	4.14948263888888	0.374098958333333	41.5351358020833	39.6596454270833	3.5
92	2015-04-02	NaN	0.556528869791666	0.978835239583333	0.252920291666667	6.21125	6.23020833333333	145.954229166667	0.0335642361111111	4.74389236111111	0.373453125	48.8615153368055	44.6014767777777	3
93	2015-04-03	NaN	0.571675604166667	0.970602005208333	0.32789975	6.70597222222222	6.69628472222222	188.943208333333	0.0327013888888889	5.65451041666666	0.366640625	42.4324968090278	38.6782638368055	0
94	2015-04-04	NaN	0.580394739583333	0.970706317708333	0.355618635416666	6.82767361111111	6.80701388888888	128.345753472222	0.0326361111111111	5.05379861111111	0.360182291666667	39.9727805069444	35.80740515625	0.1
95	2015-04-05	NaN	0.591173322916667	0.998284854166667	0.380406682291666	6.41170138888889	6.43170138888888	225.698986111111	0.0327107638888889	3.50419791666667	0.354046875	33.6675760486111	29.9182403055555	0
96	2015-04-06	NaN	0.597147260416666	1.01753497395833	0.420802088541666	6.32302083333333	6.31388888888889	125.090805555555	0.0327909722222222	3.37129513888889	0.349895833333333	29.7708179895833	26.0337373333333	0
97	2015-04-07	NaN	0.60192553125	1.03357983854167	0.436311604166666	6.46552083333333	6.41190972222222	192.537493055555	0.0329552083333333	4.55580902777776	0.348401041666667	26.2517690486111	23.0917874340277	0
98	2015-04-08	NaN	0.604174	1.03464072916667	0.447442015625	7.45624999999999	7.33031249999999	218.435934027778	0.0330041666666667	6.84790624999998	0.346942708333333	22.6291070625	20.0300027256944	0
99	2015-04-09	NaN	0.606035635416667	1.03129488541667	0.455130604166666	8.38201388888888	8.22059027777776	215.011770833333	0.0332298611111111	9.51524999999998	0.345151041666667	20.6877176979166	18.0285922986111	0
100	2015-04-10	NaN	0.608947875	1.02993477604167	0.459689296875	9.09402777777776	8.9523611111111	217.950239583333	0.0337517361111111	11.8767777777778	0.34409375	18.6169066111111	16.5257235451389	0
101	2015-04-11	NaN	0.619825380208333	1.046346859375	0.4595679296875	9.08951388888888	9.10913194444443	94.3516249999999	0.0342583333333333	11.483375	0.341994791666667	16.7848942291666	15.5410455069444	0.1
102	2015-04-12	NaN	0.631313979166667	1.06703874479167	0.458572541666666	9.28131944444443	9.25885416666665	206.912947916666	0.0346350694444444	10.52378125	0.340666666666667	14.7431090104166	13.6855314027777	0
103	2015-04-13	NaN	0.636956734375	1.075271859375	0.464737192708333	9.40756944444443	9.42229166666665	166.172642361111	0.0349506944444444	10.9458888888889	0.33884375	12.9743947569444	12.0211605555555	0
104	2015-04-14	NaN	0.638196552083333	1.07184900520833	0.465806703125	9.50236111111109	9.41333333333332	224.077986111111	0.0352479166666667	10.7835486111111	0.337552083333333	11.825996625	11.2316959618055	0
105	2015-04-15	NaN	0.639528489583333	1.063157875	0.464500510416667	10.8306597222222	10.8112152777778	241.244225694444	0.0355760416666667	14.2997638888889	0.335359375	10.9368162326389	10.7028625694444	0
106	2015-04-16	NaN	0.648192677083333	1.07199859895833	0.462225885416666	11.0852083333333	11.0300347222222	209.78375	0.0361652777777778	13.8326458333333	0.333536458333333	9.81693886805554	9.55650077083332	0
107	2015-04-17	NaN	0.658931697916667	1.08804341666667	0.449877557291667	10.0034375	10.0270833333333	213.041263888889	0.0365961805555556	8.35423263888888	0.33109375	9.52783480902777	9.1848466111111	1.6
108	2015-04-18	NaN	0.6685695625	1.10792827604166	0.451474046875	8.50152777777776	8.5342361111111	223.725493055555	0.0374045138888889	5.83692361111109	0.329427083333333	8.83199655208333	8.12644455208333	0
109	2015-04-19	NaN	0.669585	1.10552996354167	0.45457528125	8.66010416666665	8.63645833333332	250.681274305555	0.0378565972222222	7.1307673611111	0.327302083333333	8.04030805555555	7.64873358680555	0
110	2015-04-20	NaN	0.677787625	1.11756247395833	0.462311145833333	9.59083333333332	9.51614583333332	256.508576388889	0.0382309027777778	9.80965277777776	0.326416666666667	7.44612502430555	7.21990262152777	0
111	2015-04-21	NaN	0.681620791666667	1.11967066666667	0.471012354166666	10.2654861111111	10.1773611111111	258.097482638889	0.0386006944444444	11.9491423611111	0.325442708333333	6.54149036111111	6.62269636111111	0
112	2015-04-22	NaN	0.682888989583333	1.119081328125	0.471372052083333	9.59538194444443	9.5706597222222	258.308645833333	0.03896875	7.69527430555554	0.32421875	6.06312823263888	6.22267857638889	0
113	2015-04-23	NaN	0.683763760416667	1.11339597916667	0.469059463541667	9.78621527777776	9.71541666666665	265.059899305555	0.0392163194444444	8.98552777777776	0.322260416666667	5.58406655208333	6.03638469791666	0
114	2015-04-24	NaN	0.687235369791667	1.11705879442402	0.466890432291666	10.4565467171717	10.3813660037879	258.901652146465	0.0393692392676768	11.9374755366161	0.320109375	5.04517256770833	5.71595041611426	0
115	2015-04-25	NaN	0.69046740625	1.12216408333333	0.461569666666666	10.390625	10.36375	76.0672777777777	0.0396895833333333	10.5504236111111	0.31946875	5.08751516666666	5.80154605555555	1
116	2015-04-26	NaN	0.692660927083333	1.12499764583333	0.454815125	11.4055208333333	11.3472222222222	153.879833333333	0.0396621527777778	13.25803125	0.317510416666667	5.11030594791666	5.86422052083333	2
117	2015-04-27	NaN	0.692909291666666	1.11637916145833	0.395111692708333	10.8885069444444	10.9342708333333	32.0345972222222	0.0333378472222222	10.4044340277777	0.328609375	10.7674066770833	10.8037729965278	11.4
118	2015-04-28	NaN	0.703297177083333	1.13562933854167	0.385470364583333	9.8776736111111	9.94673611111109	228.668190972222	0.0360069444444444	8.33650694444443	0.351255208333333	8.57451083333332	9.0310823298611	0
119	2015-04-29	NaN	0.700070166666667	1.143703921875	0.4127318125	9.02527777777776	9.07826388888888	228.384475694444	0.0381753472222222	7.31196874999999	0.336161458333333	6.62939802777777	7.02389562152777	0
120	2015-04-30	NaN	0.6968699375	1.14296022916667	0.417915395833333	9.7775347222222	9.85555555555554	156.891046875	0.0379201388888889	8.68136805555554	0.328375	6.46837088541666	6.96693459722222	4.4
121	2015-05-01	NaN	0.695142375	1.13803676041666	0.399926067708333	9.60788194444443	9.68527777777776	145.643309027778	0.037259375	7.69618402777776	0.326713541666667	6.6512118125	6.99355290277777	0.2
122	2015-05-02	NaN	0.700635067708333	1.15759511979166	0.412870635416666	9.22083333333332	9.31010416666665	211.547871527778	0.0381444444444444	8.97615624999998	0.326458333333333	5.64401636111111	6.01514832291666	0
123	2015-05-03	NaN	0.696524864583333	1.15381408333333	0.41397796875	10.4147222222222	10.4920138888889	68.0899965277776	0.0377954861111111	12.0380069444444	0.3248125	5.93120557986111	6.41369296875	4.3
124	2015-05-04	NaN	0.724986411458333	1.16844885416666	0.400135848958333	12.8007291666666	12.7304513888889	224.881510416666	0.0386527777777778	16.3471527777777	0.323880208333333	5.09846746180555	6.27487215625	0.6
125	2015-05-05	NaN	0.7445965	1.17473257291666	0.406125473958333	13.3458680555555	13.3069097222222	159.255048611111	0.0399986111111111	17.6299305555555	0.325432291666667	4.25944826041666	5.68470918402777	0.5
126	2015-05-06	NaN	0.756085208333333	1.20597363541667	0.41190571875	11.9559548611111	11.9854340277777	231.880756944444	0.0480270833333333	12.4830034722222	0.325359375	4.29068408680555	5.54603990277777	0.1
127	2015-05-07	NaN	0.762258239583333	1.224157359375	0.415482625	11.2672222222222	11.2683333333333	262.551555555555	0.0408638888888889	12.1670069444444	0.32446875	4.57914988888889	5.64807399305555	0
128	2015-05-08	NaN	0.758432588541667	1.22289043229166	0.420486046875	11.8639236111111	11.8771527777777	228.829003472222	0.0411427083333333	13.4564097222222	0.3225	4.23845786111111	5.36985101388889	0
129	2015-05-09	NaN	0.769087807291667	1.24080553645833	0.424504833333333	12.4335763888889	12.4482986111111	167.399704861111	0.0413052083333333	13.2161041666666	0.32159375	4.10229079166666	5.25094124305555	3
130	2015-05-10	NaN	0.776727958333333	1.25910021354166	0.424147885416666	12.2461805555555	12.2379166666666	262.198920138889	0.0403121527777777	12.5838611111111	0.321375	3.86008775694444	4.99321611111111	0.1
131	2015-05-11	NaN	0.770833947916667	1.25414398958333	0.430879625	12.2675	12.2560416666666	231.784288194444	0.0498934027777777	14.5023263888889	0.320109375	3.54089328125	4.53468702777777	0
132	2015-05-12	NaN	0.770508322916666	1.25394144791667	0.433087265625	13.5366666666666	13.5182986111111	192.816756944444	0.0475614583333333	16.7958680555555	0.318291666666667	3.31375434722222	4.33550696875	0.9
133	2015-05-13	NaN	0.773163598958333	1.266007984375	0.43466359375	12.2743923611111	12.2849131944444	276.298902777778	0.0477362847222222	13.519625	0.316546875	2.93716168229166	3.88909614322916	0
134	2015-05-14	NaN	0.773962760416667	1.26911975	0.436097869791666	12.1854861111111	12.2337152777777	266.039458333333	0.0477232638888888	13.0580763888889	0.312614583333333	2.83778263194444	3.78588147962963	0
135	2015-05-15	NaN	0.78649309375	1.29145871354167	0.443427833333333	12.9321180555555	13.01	263.613079861111	0.0471739583333333	14.5173055555555	0.309458333333333	2.33477586111111	3.72663012280702	0
136	2015-05-16	NaN	0.794163510416667	1.31061039583333	0.449019578125	11.1402083333333	11.2325347222222	145.518125	0.0487253472222222	11.2818680555555	0.307130208333333	2.66870396527777	3.72356551403509	0.4
137	2015-05-17	NaN	0.79526584375	1.313524328125	0.447816609375	11.5742361111111	11.6094791666666	249.491920138889	0.0491600694444444	12.2217569444444	0.304942708333333	2.60650933333333	3.69385716898148	0.1
138	2015-05-18	NaN	0.780602973958333	1.29348065104167	0.445936260416667	11.8197222222222	11.8173958333333	275.713100694444	0.047528125	14.0203680555555	0.301171875	2.2600539375	3.66505357777778	0
139	2015-05-19	NaN	0.798390833333333	1.31473033854166	0.445515390625	11.9527430555555	12.1347916666666	262.316225694444	0.0481833333333333	12.9256944444444	0.299151041666667	1.993653	3.65091152961195	0.1
140	2015-05-20	NaN	0.863755640625	1.33654763020833	0.438544953125	10.8569791666666	10.8967708333333	156.108972222222	0.0501951388888888	10.0346944444444	0.297416666666667	1.96996804166666	NaN	0.2
141	2015-05-21	NaN	0.869738208333333	1.35617009375	0.440865744791666	10.2119791666666	10.2971875	220.561409722222	0.0499430555555555	10.0419409722222	0.296276041666667	1.84954170486111	NaN	0
142	2015-05-22	NaN	0.86538496875	1.35611941666666	0.442582848958333	11.0747916666666	11.1315277777778	269.999868055555	0.0475149305555555	12.8925902777777	0.29184375	1.62296631944444	NaN	0
143	2015-05-23	NaN	0.861737901041666	1.35587617708333	0.441927473958333	12.3675347222222	12.5169097222222	130.1581875	0.0463246527777777	15.2905208333333	0.285104166666667	1.62719651736111	NaN	0
144	2015-05-24	NaN	0.863584505208333	1.36371622395833	0.443441307291666	12.8773611111111	12.9612847222222	152.630802083333	0.0480552083333333	15.2491319444444	0.28196875	1.52681560069444	NaN	0
145	2015-05-25	NaN	0.862549916666666	1.36624023958333	0.435434229166666	12.8159895833333	12.8900868055555	141.669003472222	0.0447744791666666	14.0190972222222	0.280026041666667	1.703295359375	NaN	0.7
146	2015-05-26	NaN	0.871345770833333	1.38477323958333	0.440093109375	11.5856770833333	11.71203125	133.9735625	0.0435161458333333	11.1827604166666	0.277895833333333	1.65305888194444	NaN	0
147	2015-05-27	NaN	0.872801421875	1.39613025520833	0.445278505208333	10.3073263888889	10.4300694444444	144.733996527778	0.0445934027777777	9.56139236111109	0.273421875	1.58710704861111	NaN	0
148	2015-05-28	NaN	0.867970296875	1.389379875	0.4468124375	11.2801041666666	11.4642361111111	151.208454861111	0.0448795138888889	13.132125	0.26946875	1.37206496875	NaN	0
149	2015-05-29	NaN	0.874384510416666	1.39763048958333	0.445055302083333	11.4429166666666	11.5368055555555	143.85040625	0.0445625	12.7763263888889	0.265880208333333	1.49451680555555	NaN	0.7
150	2015-05-30	NaN	0.883267520833333	1.41717209375	0.441747177083333	11.2574652777777	11.3898263888889	216.725618055555	0.0436690972222222	11.2666215277778	0.264447916666667	1.50852523263889	NaN	1.6
151	2015-05-31	NaN	0.881361052083333	1.42053198958333	0.442914838541666	10.8991666666666	10.9975	177.787003472222	0.0433684027777777	13.3559722222222	0.264776041666667	1.34353627083333	NaN	0
152	2015-06-01	NaN	0.885078822916667	1.43331863541666	0.447891854166667	12.3223611111111	12.4424305555555	110.367746527778	0.0429479166666666	13.1615208333333	0.263473958333333	1.64399064930555	NaN	1.7
153	2015-06-02	NaN	0.885111380208333	1.43645055208333	0.45071140625	12.4491319444444	12.5445833333333	171.507072916666	0.0431236111111111	16.0161354166666	0.264958333333333	1.28371303472222	NaN	0
154	2015-06-03	NaN	0.895341260416667	1.46016808333333	0.491829088541666	13.5591666666666	13.6068055555555	230.693340277778	0.0435163194444444	16.9523958333333	0.26409375	0.913469482638886	NaN	0
155	2015-06-04	NaN	0.899229989583333	1.47093741145833	0.509020161458333	13.5164236111111	13.7963888888888	309.480215277778	0.0439222222222222	16.8587152777777	0.261755208333333	0.79518500347222	NaN	0.1
156	2015-06-05	NaN	0.8975083125	1.46952352604166	0.51805696875	14.3852777777777	14.7817361111111	305.646565972222	0.0439888888888889	21.0208159722222	0.256953125	0.653787840277776	NaN	0
157	2015-06-06	NaN	0.907531729166666	1.489754	0.529551916666666	16.0219791666666	16.2333680555555	246.626100694444	0.0433041666666666	21.0032638888888	0.25525	0.570313315972221	NaN	1.8
158	2015-06-07	NaN	0.91538501930147	1.50422700030637	0.539984977941176	14.6907233796296	14.9291493055555	295.271052083333	0.0436545717592592	17.5059375	0.254411458333333	0.522317415509259	NaN	0
159	2015-06-08	NaN	0.914519020833333	1.51121656249999	0.549948270833333	13.2097916666666	13.4165277777777	205.590739583333	0.0443375	14.5100347222222	0.250895833333333	0.535302013888889	NaN	0
160	2015-06-09	NaN	0.916007203125	1.521676375	0.559109661458333	12.678125	12.9268749999999	214.066413194444	0.0445635416666666	13.2130902777777	0.247510416666666	0.602976614583333	NaN	0
161	2015-06-10	NaN	0.919518473958333	1.52818885937499	0.566440859375	12.9386458333333	13.3281597222222	212.859256944444	0.0450302083333333	16.4967708333333	0.245119791666666	0.479274934027778	NaN	0
162	2015-06-11	NaN	0.920045208333333	1.53214717187499	0.578298625	14.5102083333333	14.8311805555555	219.602534722222	0.0448069444444444	18.3059374999999	0.243260416666667	0.456393069444444	NaN	0
163	2015-06-12	NaN	0.919724906249999	1.53469113541666	0.578601770833333	14.6284722222222	15.1659722222222	256.198541666666	0.0445437499999999	19.4899652777777	0.240651041666666	0.387305755208333	NaN	0
164	2015-06-13	NaN	0.926630687499999	1.54769999479166	0.5770911875	15.5405555555555	15.7048958333333	153.620725694444	0.0446881944444444	19.3601041666666	0.240499999999999	0.431227409722222	NaN	0
165	2015-06-14	NaN	0.932607755208333	1.56110468229166	0.597861208333333	14.7663541666666	15.2636805555555	305.367868055555	0.0446548611111111	19.1639583333333	0.238286458333333	0.374360791666666	NaN	0
166	2015-06-15	NaN	0.949811166666666	1.5843811875	0.622118177083333	14.3316698232323	14.7465467171717	200.876399305555	0.0447836805555555	15.6659311868686	0.23671875	0.319070044507575	NaN	0
167	2015-06-16	NaN	0.95841434375	1.59832326041666	0.634241213541667	12.9920138888889	13.3540277777777	248.514791666666	0.0450857638888889	13.5484444444444	0.235083333333333	0.338221958333333	NaN	0
168	2015-06-17	NaN	0.961944747395833	1.606375921875	0.642649947916667	12.2689583333333	12.7771180555555	292.291743055555	0.0455159722222222	13.7862326388889	0.232770833333333	0.376450065972222	NaN	0
169	2015-06-18	3.360618	0.958449598958333	1.60358361458333	0.617320890625	14.2426736111111	14.601875	187.611302083333	0.0427854166666666	16.5336111111111	0.232104166666667	0.694069055555554	NaN	4.2
170	2015-06-19	3.85182916666667	0.9699285625	1.61614646354166	0.586728963541667	12.5169097222222	12.8137847222222	59.7259513888888	0.0436274305555555	12.07375	0.234427083333333	0.650671954861111	NaN	0.1
171	2015-06-20	3.902315625	0.975821541666666	1.62245606770833	0.551908442708333	12.2606597222222	12.6103472222222	140.076305555555	0.0444083333333333	12.3980208333333	0.234739583333333	0.579807604166666	NaN	0.1
172	2015-06-21	3.54834479166667	0.969958515625	1.619754796875	0.5265198125	12.6586111111111	12.8222569444444	79.3379409722221	0.0442746527777777	13.1979861111111	0.23446875	1.52381411111111	NaN	1.5
173	2015-06-22	2.9223209375	0.960046390625	1.60274717708333	0.488818598958333	12.6652320075757	12.8553172348484	82.0606977062288	0.0443250526094276	12.0059932659932	0.238458333333333	2.82457659943181	NaN	0.6
174	2015-06-23	2.4319084375	0.963851072916666	1.58680358854167	0.446553135416667	12.40875	12.6149652777777	168.915423611111	0.0315090277777777	11.7333680555555	0.262135416666667	3.71402158680555	NaN	10.2
175	2015-06-24	3.014359375	0.979577270833333	1.608200296875	0.455183807291667	12.5902430555555	12.7747916666666	139.179708333333	0.0402100694444444	13.4954861111111	0.263666666666667	1.63887409722222	NaN	0
176	2015-06-25	3.40790208333333	0.973217192708333	1.61784922395833	0.4803558125	13.1879513888889	13.4025347222222	254.048208333333	0.0430340277777778	16.2069305555555	0.263875	1.05115511805555	NaN	0
177	2015-06-26	3.67483333333333	0.969266005208333	1.62490402604167	0.4854670625	14.5577430555555	14.7497916666666	214.019871527778	0.0447361111111111	19.3006944444444	0.263401041666667	0.689036510416666	NaN	0
178	2015-06-27	3.36007916666667	0.968110095486111	1.62889417708333	0.4613563125	15.1578211805555	15.2394791666666	134.066178819444	0.0402296006944444	18.4563194444444	0.262598958333333	0.852390796006943	1.95849063628472	5.1
179	2015-06-28	3.79129479166667	0.981814895833333	1.64247927604167	0.454804708333333	14.3446527777777	14.566875	273.643684027778	0.0417958333333333	17.3456597222222	0.262135416666667	0.537126131944444	1.57185239236111	0
180	2015-06-29	3.9488125	0.983243276041666	1.65087158854167	0.448957119791667	15.7022569444444	15.8384027777777	253.787444444444	0.0437944444444444	20.5611458333333	0.260635416666667	0.426540850694444	1.44669223611111	0
181	2015-06-30	3.79794166666667	0.989521947916666	1.66346058854166	0.454588114583333	15.7523090277777	15.9944965277777	305.493552083333	0.0444559027777777	20.5834201388888	0.257802083333333	0.138842487847222	0.820897859374999	0
182	2015-07-01	4.13806770833333	0.992034015625	1.674335890625	0.456407484375	16.6851388888889	16.8722569444444	300.787961805555	0.0450840277777777	22.9274652777777	0.254630208333333	0.215118309027777	1.14348240277777	0
183	2015-07-02	4.01311875	1.04042105208333	1.69793481076389	0.463312289936198	18.1040277777777	18.2509722222222	293.664503472222	0.0454485243055555	25.419921875	0.2509375	0.207314255208333	1.15286620311884	0
184	2015-07-03	3.84520833333333	1.08875644791666	1.719159109375	NaN	18.9185763888889	19.2276041666666	277.54609375	0.0457979166666666	26.3719444444444	0.247984375	0.300420963541666	NaN	0
185	2015-07-04	3.974346875	1.10254870833333	1.72712663541666	NaN	19.6231944444444	19.8173611111111	277.903291666667	0.0461295138888889	27.8207638888888	0.246635416666667	0.326725873263889	NaN	0
186	2015-07-05	3.80283854166667	1.11732635416667	1.73746349479166	NaN	20.2767013888888	20.4504513888889	252.084309027778	0.0609548611111111	27.4919444444444	0.243729166666667	0.144706897569444	NaN	1.8
187	2015-07-06	3.85995	1.16836246354166	1.755741609375	NaN	18.5125347222222	18.6519097222222	305.795142361111	0.0461625	20.3578472222222	0.241442708333333	0.310616329861111	NaN	0.6
188	2015-07-07	4.04668958333333	1.13923709895833	1.755471171875	NaN	17.2086805555555	17.374375	228.787826388889	0.046415625	21.6005208333333	0.237895833333333	0.306371107638889	NaN	1
189	2015-07-08	4.020496875	1.192314921875	1.77099605729166	NaN	16.1378472222222	16.4034375	185.804902777778	0.0464854166666666	16.8789236111111	0.236067708333333	0.278019809027778	NaN	0.4
190	2015-07-09	4.094853125	1.23843951041667	1.78635948958333	NaN	14.8060416666666	15.1192013888889	162.048506944444	0.0462552083333333	14.9612361111111	0.23484375	0.351372291666666	NaN	0
191	2015-07-10	4.18589895833333	1.25293407291666	1.79644758333333	NaN	13.4878472222222	13.9970138888888	308.875381944444	0.0464361111111111	14.9884513888889	0.23259375	0.327445295138889	NaN	0
192	2015-07-11	4.08123645833333	1.23216148958333	1.80176653125	NaN	14.7740277777777	15.3385069444444	267.621506944444	0.0463590277777778	19.1931770833333	0.230677083333333	0.279707881907308	NaN	0
193	2015-07-12	4.07806875	1.27006408333333	1.815183921875	NaN	15.5210763888888	15.8919791666666	170.400135416667	0.0462489583333333	18.3573263888889	0.23	0.196171921875	NaN	0.7
194	2015-07-13	3.98679583333333	1.27747467708333	1.81882300520833	NaN	15.4895833333333	15.655	76.8975624999999	0.0464201388888889	16.9393402777777	0.235479166666667	0.437653892361111	NaN	0.9
195	2015-07-14	3.88873125	1.28876221354166	1.82117921875	NaN	16.4179513888889	16.4530902777777	106.7676875	0.0456545138888889	19.4134895833333	0.242072916666667	0.482312026041666	NaN	0.3
196	2015-07-15	3.569096875	1.31323208854167	1.8312848125	NaN	17.3453819444444	17.3084722222222	177.423614583333	0.0455010416666666	21.6350694444444	0.239557291666667	0.395817315972222	NaN	0
197	2015-07-16	3.49835	1.30119868229167	1.8376815	NaN	17.7836805555555	17.8597222222222	271.501857638889	0.0454458333333333	23.1970138888889	0.23415625	0.305557369791666	NaN	0
198	2015-07-17	3.756965625	1.29911316666667	1.84539161458333	NaN	18.7264583333333	18.5997569444444	230.280607638889	0.0456368055555555	25.461875	0.229427083333333	0.204759366666666	NaN	0
199	2015-07-18	3.89700729166667	1.33924285416667	1.8580671875	NaN	19.0054861111111	18.7885416666666	220.053552083333	0.0467642361111111	23.6572222222222	0.228135416666667	0.0648515656249999	NaN	0
200	2015-07-19	2.97022072916667	1.30339834895833	1.82077776041666	NaN	17.9430208333333	17.744375	137.359795138889	0.0303677083333333	19.7123958333333	0.230484375	4.42960102777777	NaN	16.5
201	2015-07-20	3.22625	1.29217635416667	1.80827675520833	NaN	17.1338541666666	17.0559027777777	82.9792326388887	0.0579677083333333	19.2666319444444	0.232791666666667	0.623911552083333	NaN	0.7
202	2015-07-21	3.32192395833333	1.282211875	1.812531	NaN	18.6636805555555	18.4086805555555	233.49865625	0.0449135416666666	23.5403472222222	0.235213541666667	0.376956842013889	NaN	0
203	2015-07-22	3.38324895833333	1.29359188020833	1.82412891666666	NaN	18.9119097222222	18.7307638888889	200.853878472222	0.0441402777777777	23.4437152777777	0.236109375	0.249204996527777	NaN	0
204	2015-07-23	3.58863614583333	1.31823055729167	1.84098465625	NaN	17.7718402777777	17.6771875	236.368736111111	0.0462847222222222	19.7432986111111	0.234510416666667	0.157933753472222	NaN	0
205	2015-07-24	3.32073958333333	1.296276328125	1.840495953125	NaN	16.8069097222222	16.8670833333333	206.289534722222	0.065409375	20.8997222222222	0.231536458333333	0.033111048678272	NaN	1.1
206	2015-07-25	3.38137916666667	1.31489821875	1.84866409895833	NaN	16.5898611111111	16.8231944444444	185.505638888889	0.0487444444444444	17.1252083333333	0.229817708333333	0.335146829861111	NaN	4.3
207	2015-07-26	3.50496354166666	1.35825131770833	1.85428415625	NaN	14.7130902777777	14.8999305555555	229.213576388889	0.0589486111111111	15.1514201388889	0.228791666666667	0.290719510416666	NaN	1
208	2015-07-27	3.2009125	1.31107582291667	1.84580177083333	NaN	15.4292013888889	15.5574305555555	136.491041666666	0.0645913194444444	16.7439583333333	0.227901041666667	0.564418659722221	NaN	4.3
209	2015-07-28	3.30086875	1.35549066666666	1.85768754166666	NaN	14.7708680555555	15.1780902777777	176.428461805555	0.0556864583333333	16.6286458333333	0.228	0.313909076388888	NaN	0.2
210	2015-07-29	3.53489270833333	1.37613623571735	1.86683309928049	NaN	14.3080555555555	14.6313067649812	216.839704197877	0.0529740285580524	15.0492829275905	0.226401041666666	0.18859465923455	NaN	0
211	2015-07-30	3.694365625	1.41192266145833	1.87662902604166	NaN	13.1884375	13.4904513888888	180.330909722222	0.0447510416666666	13.4028958333333	0.225744791666666	0.152955478298611	NaN	0.3
212	2015-07-31	3.61854479166666	1.42323197916666	1.879984453125	NaN	13.6442708333333	13.9317013888888	271.930854166666	0.0501913194444444	14.9243055555555	0.223625	0.178336454861111	NaN	0
213	2015-08-01	3.79802916666666	1.40763740104166	1.88164256249999	NaN	14.1306944444444	14.4223958333333	228.243677083333	0.0506131944444444	17.9355555555555	0.222104166666667	0.130798128472222	NaN	0
214	2015-08-02	3.77672604166666	1.444233296875	1.890020234375	NaN	15.2027430555555	15.3010416666666	263.170010416666	0.0472513888888889	19.4235069444444	0.220401041666667	0.12167846875	NaN	0
215	2015-08-03	3.53944270833333	1.43473172395833	1.89352836979166	NaN	16.1348263888888	16.1998958333333	270.271027777778	0.0564052083333333	21.7423611111111	0.219541666666666	0.133850546136534	NaN	0
216	2015-08-04	3.3514625	1.43922386979166	1.89814038020833	NaN	15.9207638888888	16.0285069444444	114.557899305555	0.0566211805555555	18.1640277777777	0.219276041666666	0.177145453125	NaN	4.9
217	2015-08-05	3.211228125	1.46662856770833	1.90367315104166	NaN	15.3144097222222	15.4103472222222	236.349163194444	0.0416652777777777	17.5316666666666	0.218999999999999	0.157859006944444	NaN	0
218	2015-08-06	3.24911666666666	1.459952984375	1.90655733854166	NaN	16.3364236111111	16.4368402777777	214.314625	0.0433746527777777	22.6686111111111	0.219057291666666	0.0734230021175609	NaN	0
219	2015-08-07	3.29671770833333	1.46325263541666	1.91164936979166	NaN	18.3042708333333	18.2081597222222	246.886190972222	0.0440243055555555	25.0118055555555	0.219625	0.0592191755555555	NaN	0
220	2015-08-08	3.29602395833333	1.49437267804982	1.92169538777921	NaN	19.1940217306491	18.8855021067415	213.517553897472	0.0464976630774032	24.0557235096754	0.220015625	0.0352983530840355	NaN	0.699999999999999
221	2015-08-09	3.28343125	1.4943176875	1.9247221875	NaN	18.6359911616161	18.4600347222222	181.565759785353	0.045910101010101	22.5741824494949	0.220109375	0.0375817530864197	NaN	0
222	2015-08-10	2.88909791666667	1.49721311979167	1.92607913541666	NaN	18.9097569444444	18.6703125	205.818947916666	0.044309375	23.0574305555555	0.2204375	5.57798238084679	NaN	12.3
223	2015-08-11	2.79859895833333	1.531549328125	1.914127859375	NaN	18.6776736111111	18.4599305555555	185.09084375	0.0365319444444444	22.0527083333333	0.224864583333333	0.299362892361111	NaN	0.2
224	2015-08-12	3.09816770833333	1.54535251041667	1.91984822395833	NaN	18.8003472222222	18.5509375	196.395677083333	0.0400024305555555	23.1691666666666	0.225932291666667	0.116433098958333	NaN	0
225	2015-08-13	3.08941979166667	1.52218938020833	1.91949910416666	NaN	18.9917013888889	18.7222569444444	226.508291666667	0.043828125	24.3937847222222	0.22546875	0.0854014748614662	NaN	0
226	2015-08-14	3.02875	1.51409267708333	1.92684706770833	NaN	19.4276388888889	19.0507638888889	131.543826388889	0.0455430555555555	23.7273263888889	0.225	0.0312266577555816	NaN	0.3
227	2015-08-15	3.17565104166667	1.536237421875	1.93457459375	NaN	18.1321875	18.0917708333333	115.32921875	0.0462486111111111	20.3167708333333	0.225	0.0337816620567375	NaN	0.1
228	2015-08-16	2.76257916666667	1.56690369270833	1.93443063020833	NaN	16.8140277777777	16.9578472222222	29.5896631944444	0.0376552083333333	16.3008680555555	0.223541666666667	0.904092156249999	NaN	13.1
229	2015-08-17	2.42536979166667	1.56199228125	1.918988625	NaN	15.4257638888889	15.7101736111111	21.9575659722222	0.0301454861111111	14.226875	0.240979166666667	1.55366936805555	NaN	12.8
230	2015-08-18	2.91153125	1.57397130208333	1.91211194270833	NaN	15.2311111111111	15.4601736111111	91.267642361111	0.0373847222222222	15.0496180555555	0.27346875	0.886208225694443	NaN	0
231	2015-08-19	2.99335625	1.59155876041667	1.92876259895833	NaN	15.0399652777777	15.1934722222222	174.380392361111	0.043603125	15.878125	0.263447916666667	0.3438908125	NaN	0.1
232	2015-08-20	2.981709375	1.59191809375	1.93844499479167	NaN	15.5411805555555	15.633125	147.786857638889	0.0447354166666666	17.0986458333333	0.258828125	0.255903590277777	NaN	0
233	2015-08-21	3.09818645833333	1.57317629166666	1.941647671875	NaN	14.9803125	15.199375	211.364114583333	0.0458145833333333	16.7603472222222	0.254796875	0.232433885416666	NaN	0
234	2015-08-22	3.12947916666667	1.5283911875	1.9396530802696	NaN	14.6977083333333	15.095202020202	218.210987058081	0.0467280618686868	17.1598200757575	0.250588541666666	0.257456234217171	NaN	0
235	2015-08-23	3.31673645833333	1.458727921875	1.935909828125	NaN	14.6718055555555	15.0622569444444	201.445482638889	0.0471190972222222	18.3119444444444	0.2456875	0.262978604166666	NaN	0.1
236	2015-08-24	2.97639479166667	1.41716622916667	1.94248975	NaN	16.0072916666666	16.0493402777777	82.9696631944443	0.0457520833333333	18.0396180555555	0.24396875	0.381897	NaN	4.6
237	2015-08-25	2.75617458333333	1.48080728645833	1.951556875	NaN	14.9926736111111	15.2870138888889	155.391322916666	0.0414684027777777	16.6988541666666	0.242375	0.782741812499999	NaN	0
238	2015-08-26	3.15000208333333	1.48434115104167	1.95431014583333	NaN	15.8746180555555	15.9048611111111	201.264072916666	0.0435239583333333	19.5284027777777	0.241567708333333	0.250068315972222	NaN	0
239	2015-08-27	3.20552395833333	1.44348740625	1.95749972395833	NaN	16.3016319444444	16.2867013888889	57.5755138888888	0.0456652777777778	19.1554513888888	0.240427083333333	0.259085163194444	NaN	5.2
240	2015-08-28	2.40595625	1.47186126041667	1.955117375	NaN	16.0205902777777	16.1071527777777	114.419888888889	0.0302697916666666	16.2488541666666	0.2603125	1.38935296527778	NaN	5.4
241	2015-08-29	2.82611041666667	1.48332836458333	1.96335540104166	NaN	15.6322569444444	15.7123611111111	190.219291666667	0.0407225694444444	18.4737152777777	0.257369791666667	0.434066559027777	NaN	0
242	2015-08-30	2.98009583333333	1.43130141666667	1.96223849479166	NaN	17.4947222222222	17.2593055555555	198.0486875	0.0445118055555555	23.0310416666666	0.255192708333333	0.282558177083333	NaN	0
243	2015-08-31	2.91905729166667	1.37729790625	1.96353866666666	0.729500163265306	18.2418055555555	17.0705106483115	202.246034722222	0.0465381944444444	23.4762847222222	0.253473958333333	0.20719675	NaN	0.1
244	2015-09-01	2.656346875	1.37051353125	1.96736094791666	0.734893072916667	16.9304166666666	NaN	48.2196249999999	0.0394493055555555	17.2480208333333	0.2584375	0.458371968749999	NaN	15.6
245	2015-09-02	2.61886666666667	1.4035700625	1.96877033333333	0.704151385416667	14.7067013888889	NaN	141.536916666667	0.0364649305555555	14.4168402777777	0.261651041666667	0.220188975694444	NaN	0.1
246	2015-09-03	2.84193333333333	1.37060598958333	1.96889695833333	0.693724270833333	13.8000347222222	NaN	169.184548611111	0.0439791666666666	14.0109722222222	0.257901041666667	0.285523993055555	NaN	0
247	2015-09-04	3.05906666666667	1.36314086979167	1.97345231770833	0.700976067708333	13.0547222222222	NaN	128.414895833333	0.0465114583333333	12.4888611111111	0.255578125	0.316121305555555	NaN	0
248	2015-09-05	2.9813440625	1.3560569375	1.97828684375	0.699636557291667	12.685625	NaN	118.664829861111	0.0471694444444444	12.5417986111111	0.253635416666667	0.23507209375	NaN	1.6
249	2015-09-06	3.09112916666667	1.38242171354167	1.98613667708333	0.705428338541667	12.0752430555555	NaN	128.326059027778	0.0472350694444444	11.4139409722222	0.252609375	0.227214958333333	NaN	0.8
250	2015-09-07	3.059659375	1.37994959895833	1.98978871875	0.699352260416667	12.8434027777777	NaN	103.881413194444	0.0463701388888889	13.4819791666666	0.251109375	0.214042347222222	NaN	0.3
251	2015-09-08	2.93511666666667	1.35936745833333	1.990508765625	0.685826895833333	13.5472222222222	NaN	120.596190972222	0.0467958333333333	14.4657291666666	0.250333333333333	0.241930524305555	NaN	0.2
252	2015-09-09	2.9897375	1.32698066145833	1.99233266666666	0.681369833333333	13.0367361111111	NaN	146.777420138889	0.0470059027777777	13.3249930555555	0.249510416666667	0.274222677083333	NaN	0
253	2015-09-10	3.15618020833333	1.30474867708333	1.99408672395833	0.691083822916666	11.1011458333333	NaN	167.651725694444	0.0471170138888889	11.5369131944444	0.246953125	0.317281770833333	NaN	0
254	2015-09-11	3.159690625	1.272966296875	1.99540891145833	0.69089584375	10.9760763888889	NaN	181.507743055555	0.0471135416666666	11.7291493055555	0.24446875	0.388467357638889	NaN	0
255	2015-09-12	3.15769791666667	1.252896015625	1.99831482291667	0.697420046875	12.1917013888889	NaN	131.389711805555	0.0471166666666666	14.9251944444444	0.242552083333333	0.36177434375	NaN	0
256	2015-09-13	3.00256666666667	1.24345984895833	1.99752071875	0.685301734375	14.5345486111111	NaN	53.6686354166666	0.0468482638888889	16.5995486111111	0.242322916666667	0.355182774305555	NaN	0.9
257	2015-09-14	2.81158854166667	1.23969728125	1.99881653645833	0.656819833333333	14.4001388888889	NaN	101.242534722222	0.0461229166666666	15.9380555555555	0.242791666666667	0.268506	NaN	1.5
258	2015-09-15	3.07051979166667	1.27713713541667	2.0043666875	0.662337057291666	12.4116666666666	NaN	86.3267847222221	0.0458729166666666	12.7769444444444	0.24234375	0.3565076875	NaN	0.3
259	2015-09-16	2.331084375	1.23352272395833	1.98995456770833	0.635546541666667	13.1015972222222	NaN	9.86354861111109	0.0379013888888889	13.9841319444444	0.24265625	0.842124555555554	NaN	12.6
260	2015-09-17	2.25059791666667	1.28014819270833	1.983008109375	0.626102442708333	13.8163888888889	NaN	16.3440277777778	0.0371642361111111	13.9543402777777	0.246869791666667	0.82415007986111	NaN	4.2
261	2015-09-18	2.55940416666667	1.36227519791667	1.99668728125	0.631368932291667	12.5726388888889	NaN	78.9057743055554	0.0423163194444444	12.3065902777778	0.251078125	0.51404728125	NaN	1.3
262	2015-09-19	2.77270729166667	1.37464072395833	2.005370359375	0.62994275	12.7074305555555	NaN	81.4673576388888	0.0443513888888889	12.9485798611111	0.25490625	0.35890346875	NaN	0.2
263	2015-09-20	2.825584375	1.36531890625	2.00804080208333	0.631942364583333	12.8641319444444	NaN	116.236725694444	0.0463243055555555	12.8703472222222	0.257572916666667	0.387005170138889	NaN	0
264	2015-09-21	2.751390625	1.29921658854167	2.00135167708333	0.613993645833333	12.2281597222222	NaN	106.430100694444	0.0467329861111111	12.6916979166666	0.258	0.556900736111111	NaN	0
265	2015-09-22	2.60306666666667	1.20884046875	1.987375828125	0.577710817708333	12.5639236111111	NaN	20.6597881944444	0.0461375	12.1511701388889	0.257692708333333	0.908699982638888	NaN	6.5
266	2015-09-23	2.50344166666667	1.25286872395833	1.99608511979166	0.583613307291666	11.8275347222222	NaN	51.0361458333333	0.0404013888888889	11.1133298611111	0.259578125	0.642797440972222	NaN	0.9
267	2015-09-24	2.68882604166667	1.30806476041667	2.0088785	0.596430359375	12.4515277777777	NaN	115.6446875	0.0437645833333333	12.9889513888889	0.26315625	0.456007607638889	NaN	0.1
268	2015-09-25	2.92594583333333	1.30321328645833	2.01167976041666	0.601672859375	12.1149305555555	NaN	121.632145833333	0.0456142361111111	12.613	0.264640625	0.460169072916666	NaN	0
269	2015-09-26	2.98908958333333	1.30679070833333	2.0164140625	0.611907291666667	12.2189930555555	NaN	75.5189270833332	0.0466673611111111	12.2423958333333	0.264958333333333	0.721392298611111	NaN	0
270	2015-09-27	3.06568541666667	1.31710893229167	2.02227409895833	0.620932203125	10.5615972222222	NaN	126.141993055555	0.0468597222222222	10.3557534722222	0.264151041666667	0.688830777777777	NaN	0
271	2015-09-28	3.20435729166667	1.31552983854167	2.02567751041667	0.622965583333333	9.41381944444443	NaN	154.763020833333	0.0473506944444444	9.08266666666665	0.263026041666667	0.656706138888889	NaN	0
272	2015-09-29	3.28071354166667	1.28467296354167	2.02726141666667	0.615521078125	9.08805555555554	NaN	139.302197916667	0.0475371527777778	9.69467708333331	0.261552083333333	0.620152729166666	NaN	0
273	2015-09-30	3.30026979166667	1.2588310625	2.02950421354167	0.606472005208333	8.86513888888888	NaN	151.453194444444	0.0476399305555555	9.40085763888887	0.260010416666667	0.512494751736111	NaN	0
274	2015-10-01	3.319309375	1.22196295833333	2.03079145833333	0.598564927083333	8.17159722222222	NaN	155.090003472222	0.0477201388888889	8.30591319444442	0.258708333333333	0.454253211805555	NaN	0
275	2015-10-02	3.344725	1.171123015625	2.02528483333333	0.586210552083333	7.84729166666666	NaN	148.140486111111	0.0477885416666667	8.56004166666665	0.258026041666667	0.641320631944444	NaN	0
276	2015-10-03	2.65607197916667	1.12992065104167	2.02353511458333	0.574169223958333	9.05677083333332	NaN	128.778663194444	0.0477055555555555	10.3977465277778	0.25725	0.621184538194444	NaN	0
277	2015-10-04	2.64761601255887	1.15055722916667	2.03306040625	0.581926984375	9.89871527777776	NaN	55.7521006944443	0.047340625	10.0704479166666	0.2575	0.622734645833333	NaN	0
278	2015-10-05	2.91225520833333	1.14003196354167	2.03042481770833	0.575316046875	10.9817708333333	NaN	80.302267361111	0.0471625	13.0328368055555	0.257375	0.518391743055555	NaN	0.9
279	2015-10-06	2.56456041666667	1.10810805208333	2.02473068229167	0.563187979166667	12.7353125	NaN	31.0722569444444	0.0466131944444444	15.2542708333333	0.257598958333333	0.388521395833333	NaN	3.8
280	2015-10-07	2.50461354166667	1.1650300625	2.03640269791667	0.580524760416667	12.8351736111111	NaN	49.5351562499999	0.0453913194444444	14.5786111111111	0.258958333333333	0.427713552083333	NaN	0
281	2015-10-08	2.7317875	1.20285096875	2.042978390625	0.595245057291667	12.5668402777777	NaN	32.5043715277777	0.0459475694444444	13.2967361111111	0.259	0.464804645833333	NaN	1.6
282	2015-10-09	2.226190625	1.18408211979166	2.02884970833333	0.582037734375	12.4085416666666	NaN	10.4407638888889	0.0424253472222222	12.3785069444444	0.261901041666667	1.35348949652778	NaN	6.3
283	2015-10-10	2.36254895833333	1.149784046875	2.020467671875	0.569134088541667	11.6350694444444	NaN	62.3384930555555	0.0414555555555555	10.90621875	0.267546875	0.639001395833333	NaN	0
284	2015-10-11	2.76196875	1.1309879375	2.02464340625	0.574766760416667	8.355	NaN	118.876708333333	0.0454986111111111	6.23886805555555	0.268651041666667	0.6838475	NaN	0
285	2015-10-12	2.95100729166667	1.13051416145833	2.03167279166667	0.582148645833333	6.05972222222222	NaN	123.378354166667	0.0471986111111111	4.3061423611111	0.266760416666667	0.801054180555555	NaN	0.2
286	2015-10-13	2.91848229166667	1.10929493229167	2.03219208333333	0.583141255208333	5.40621527777777	NaN	78.1920451388888	0.0477350694444444	2.59432638888889	0.265958333333333	0.862332649305555	NaN	0.2
287	2015-10-14	2.83565802469136	1.10610427083333	2.03762878645833	0.590094151041667	6.00232638888888	NaN	19.4596770833333	0.0480399305555555	3.40176388888889	0.265692708333333	0.964854236111109	NaN	0.9
288	2015-10-15	2.22003180827886	1.09303557781862	2.02452177849265	0.566830136948529	6.11289246632996	NaN	15.8740695496633	0.04364390256734	3.41424184553872	0.290854166666667	2.79225199337121	NaN	16.1666666666667
289	2015-10-16	2.67904150684931	1.10561959895833	1.99345838020833	0.458589354166666	7.87128472222222	NaN	20.5598298611111	0.0351475694444444	5.80811458333333	0.306890625	2.87702294444444	NaN	0.1
290	2015-10-17	2.67426558823529	1.102042328125	1.99566622395833	0.480547041666666	8.04541666666666	NaN	22.45509375	0.0441760416666666	6.20007986111111	0.299046875	1.34359892013888	NaN	0
291	2015-10-18	2.86267116935484	1.09579686979166	2.00389546875	0.508551760416666	7.858125	NaN	29.8475138888888	0.0466659722222222	5.91648263888889	0.29609375	0.99748488194444	NaN	1.3
292	2015-10-19	2.79328206349206	1.09837780208333	2.01315454166666	0.526288453125	7.87020833333333	NaN	24.1843055555555	0.0473965277777777	6.39783333333333	0.292786458333333	0.76708982986111	NaN	0.4
293	2015-10-20	2.62507666666666	1.09168915594362	2.01953832625518	0.537216675936805	9.0433085489938	NaN	74.538727725481	0.0478207175925926	9.02761814610632	0.291802083333333	0.748167845625351	NaN	0.4
294	2015-10-21	2.78321322924798	1.07258483333333	2.02178973958333	0.542039776041666	8.94538194444444	NaN	35.7227951388888	0.0481840277777778	8.1144861111111	0.29	0.583958225694444	NaN	8.59999999999998
295	2015-10-22	2.78839769722814	1.05461638020833	2.02442963541666	0.547850864583333	9.42170138888887	NaN	32.9123854166666	0.048326736111111	9.52909722222219	0.28871875	0.4537095625	NaN	0
296	2015-10-23	2.69136949152542	1.09372775520833	2.03775096875	0.56884009375	9.80621527777775	NaN	95.1867326388888	0.0484965277777777	9.99108680555553	0.287916666666667	0.551056770833333	NaN	0
297	2015-10-24	2.78776328671328	1.04583893229166	2.03119728125	0.5624315	7.78819444444444	NaN	21.41621875	0.0485506944444444	5.98537152777777	0.286760416666666	0.526463197916666	NaN	0
298	2015-10-25	2.70672865497076	1.06956290104166	2.04104538020833	0.579055234375	9.00538194444443	NaN	24.4127569444444	0.0487503472222222	9.24671180555553	0.285109375	0.512560565972222	NaN	0.3
299	2015-10-26	2.56306779661017	1.04043933680555	2.03387775173611	0.571925475694444	9.50107638888887	NaN	62.414517361111	0.0488963194444444	9.2629409722222	0.285	0.660987556944444	NaN	0
300	2015-10-27	2.55035655982906	1.01412734375	2.03086126562499	0.572304515625	8.19385416666666	NaN	60.557861111111	0.0489763888888888	7.21324652777776	0.283427083333333	0.637831277777777	NaN	0.1
301	2015-10-28	2.60383287037037	0.984462927083333	2.02893694791666	0.572015390625	8.91385416666666	NaN	17.4772118055555	0.0490423611111111	8.41389583333333	0.283	0.676474458333333	NaN	0
302	2015-10-29	2.55849549450549	1.037766203125	2.07529943229166	0.541435185763888	9.55326388888887	10.1856818181818	33.6733090277777	0.0490100694444444	9.99629861111109	0.283	0.598477399305555	1.19523287121212	0.3
303	2015-10-30	2.5392539244186	1.08129746354166	2.11221636458333	0.500358958333333	9.22652777777777	9.37770833333332	49.0602256944443	0.049201736111111	8.6811111111111	0.282359375	0.666630631944444	1.14897605208333	0
304	2015-10-31	2.43171986062717	1.06405753125	2.11450552083333	0.501368072916666	7.78003472222222	8.10236111111111	48.7650416666666	0.0491635416666666	6.06633333333332	0.281109375	0.732305510416666	1.13295558333333	0
305	2015-11-01	2.64313278688524	1.06098201041666	2.11469360937499	0.50704515625	6.31201388888888	6.82597222222222	64.1484999999999	0.04949375	4.07984722222221	0.280234375	0.811233350694444	1.23121805902777	0
306	2015-11-02	2.52468380217786	1.03289040104166	2.11194765104166	0.501589427083333	5.41288194444444	5.96871527777777	64.5146215277776	0.049671875	3.44203819444444	0.279442708333333	0.808923239583333	1.08352195486111	0.1
307	2015-11-03	2.33650257975895	1.00505116666666	2.10554758333333	0.49407640625	5.78927083333333	6.32402777777777	31.5868472222222	0.0497121527777778	2.90563541666666	0.278067708333333	0.777880951388888	0.997647927083331	0
308	2015-11-04	2.37997182817183	1.002378328125	2.10947573437499	0.499805572916666	6.44090277777777	6.9234375	16.3751805555555	0.0495510416666666	4.82917013888888	0.278	0.765853822916666	0.995304291666664	0
309	2015-11-05	2.35937023079697	0.998754718749996	2.11351136458333	0.501485260416666	6.84503472222222	7.33149305555555	58.0113124999999	0.0495951388888889	6.96777083333332	0.278	0.776857954861111	1.09518023611111	0.199999999999999
310	2015-11-06	2.41646598825831	0.98389634375	2.11795000520833	0.5073771875	8.91013888888887	9.35913194444442	26.0396006944444	0.0492711805555555	11.6458090277777	0.278	0.620153041666666	1.07223617013889	0.2
311	2015-11-07	1.71053363363363	0.986811645833333	2.12328061458333	0.514655833333333	11.7153472222222	11.7025	16.2041319444444	0.0489812499999999	16.3113194444444	0.278739583333333	0.522025927083333	1.07275384722222	0.599999999999999
312	2015-11-08	1.76794106060606	0.991298822916665	2.12071205729166	0.513431875	11.2438541666666	11.24	39.7243749999999	0.0490374999999999	11.8897777777777	0.279875	0.58125420486111	1.07689637847222	0
313	2015-11-09	1.6942574128711	1.00331933333333	2.11861628125	0.503698802083333	11.3411805555555	11.4290277777777	26.614704861111	0.0492020833333332	14.2841875	0.279708333333333	0.490282937499999	1.04212052083333	1
314	2015-11-10	1.74535496618013	1.01321034895833	2.1242156875	0.5118303125	11.3307638888888	11.4310069444444	13.2643645833333	0.0488888888888888	13.6322569444444	0.279317708333333	0.453829027777777	1.05794216666666	0
315	2015-11-11	1.83335660299003	0.994694359374999	2.12801492708333	0.515730052083333	10.8878472222222	11.0080555555555	40.6883715277777	0.0491104166666666	11.1755798611111	0.278942708333332	0.419199729166666	0.986687670138886	0
316	2015-11-12	1.8890184996249	1.00091320833333	2.13111543229166	0.51942796875	10.2463194444444	10.426875	42.0141909722221	0.0494736111111111	11.2674340277777	0.278	0.413632597222222	0.935624878472221	0
317	2015-11-13	1.84713888198757	0.958715380208333	2.12827279166666	0.51161546875	9.55402777777776	9.84854166666664	14.4155833333333	0.0493729166666666	9.29813541666664	0.27746875	0.430706152777777	1.03914106597222	1.1
318	2015-11-14	2.04579565649867	0.971642828125	2.13045994270833	0.517585520833333	8.17618055555555	8.5440625	37.9741770833332	0.0491277777777777	8.14524652777777	0.275901041666666	0.521204645833333	1.07457230208333	0.2
319	2015-11-15	1.73118831168831	0.942353223958333	2.11475270833333	0.490847239583333	9.75902777777775	9.91673611111108	41.6085624999999	0.0483124999999999	12.2233541666666	0.276338541666666	0.489392677083333	1.14299665972222	0.4
320	2015-11-16	1.92252834497137	0.972423963541666	2.125333453125	0.504675364583333	9.94236111111108	10.1179861111111	3.00406249999999	0.0485013888888889	10.560625	0.27796875	0.429516093749999	1.04446532986111	0.2
321	2015-11-17	1.53084362499999	0.966467036458333	2.10815374479166	0.47522875	10.7932986111111	10.8395486111111	7.84916319444443	0.0469364583333333	12.7679861111111	0.297015625	1.46253336458333	2.44765747916666	6.79999999999999
322	2015-11-18	1.47944891052195	0.978638005208332	2.10084025520833	0.420176666666666	10.6997569444444	10.756875	30.7419409722222	0.0422989583333333	13.1671180555555	0.312625	1.33536897916666	2.44026527083333	1.2
323	2015-11-19	1.10160149090909	0.984197072916666	2.0896091875	0.365762604166666	10.3593402777777	10.4624652777777	45.8205763888888	0.0383496527777777	11.7074305555555	0.309677083333333	3.10647254166666	4.27672031597221	15.8
324	2015-11-20	2.2264493958573	0.889260078125	2.01793480729166	0.090202708333333	9.40677083333333	9.56638888888888	15.3375486111111	0.0323899305555555	7.30538888888889	0.316348958333333	7.10312926388888	8.23036019791665	3.09999999999999
325	2015-11-21	2.0763328713575	0.850967088541666	1.98050161458333	0.13364671875	7.31652777777777	7.62951388888888	18.5291597222222	0.0417128472222222	3.34229861111111	0.312536458333333	4.29587300694444	5.12279923611111	1.2
326	2015-11-22	2.3769375	0.8765895	2.00131404166666	0.209545156249999	5.66440972222222	6.08454861111111	42.2444826388888	0.0436836805555555	1.87720833333333	0.310395833333333	2.45198723958333	3.20010236111111	0.1
327	2015-11-23	1.86861195469516	0.973806427083332	2.03082096354166	0.256993072916666	5.17291666666666	5.57756944444444	24.4317430555555	0.04759375	1.62705902777777	0.308822916666667	1.86448923263888	2.41528416666666	0.4
328	2015-11-24	1.91624560916348	0.933670140624999	2.022190796875	0.28497484375	3.74	4.21767361111111	25.4175138888888	0.0482006944444444	-0.40203125	0.308255208333333	1.59325351041666	2.06352314930555	0.1
329	2015-11-25	1.84167110344827	0.877530572916666	2.00694560416666	0.25851	4.96548611111111	5.35322916666666	13.1599444444444	0.0486020833333333	2.07318402777778	0.312369791666667	2.03870333333333	2.58372337847222	3.39999999999999
330	2015-11-26	1.91828056680162	0.925336286458333	2.02925716145833	0.246315989583333	5.83472222222222	6.13461805555555	23.9819166666666	0.0480996527777778	3.79576736111111	0.314723958333333	1.83557880208333	2.42110216319444	0.1
331	2015-11-27	2.02411085188356	0.930657713541666	2.02738177083333	0.287885	4.76763888888888	5.11052083333333	4.79958680555555	0.0481538194444444	0.365597222222222	0.308770833333333	1.627768125	2.16302670138888	0
332	2015-11-28	2.14310579591836	0.923536609375	2.02237886979166	0.309148020833333	4.5184375	4.86621527777777	21.5302569444444	0.0481173611111111	2.80989583333333	0.305885416666667	1.46086349652777	1.96379642361111	0.6
333	2015-11-29	2.08416907894736	0.923749963541666	1.99116308333333	0.1456975	6.30618055555555	6.53597222222222	9.62974305555555	0.0396961805555555	7.64166319444443	0.318041666666666	7.73804999999999	8.77506249652776	11.2
334	2015-11-30	3.1909156626506	0.862706229166666	1.89185172916666	-0.0361254166666666	7.87559027777777	7.98291666666666	4.53654166666666	0.0280302083333333	8.75379513888888	0.326244791666667	21.6429603020833	23.6379266111111	16.6
335	2015-12-01	2.40488884426595	0.697882291666666	1.76461329166666	-0.0856306249999999	8.68138888888889	8.73239583333333	2.10336805555555	0.0321326388888888	10.1059027777778	0.325239583333333	34.2976365520833	37.231789625	6.09999999999998
336	2015-12-02	5.06046518987341	0.643920958333333	1.70497604687499	-0.00275302083333333	8.73930555555555	8.80458333333333	0.706937499999999	0.0371722222222222	9.21699652777776	0.320760416666667	24.5739166874999	27.2318879027777	0.1
337	2015-12-03	5.36729710242587	0.700341526041666	1.686959578125	0.136371854166666	8.11440972222222	8.26953125	16.3910928819444	0.0391371527777777	5.90084895833333	0.315463541666667	15.5978136163194	16.5517426918402	0.1
338	2015-12-04	4.71203586337761	0.751722682291666	1.674686828125	0.260127692708333	6.97427083333333	7.26305555555555	4.32151041666666	0.03960625	3.86369444444444	0.311890625	11.86687478125	10.8750042673611	1.39999999999999
339	2015-12-05	4.50072013722127	0.782930900128865	1.69016419238616	0.290286924452319	6.3639710127965	6.69751599563046	31.068642361111	0.0395753472222222	2.27861748985643	0.31321875	9.22061448890058	8.41008321032303	0.1
340	2015-12-06	5.25458457489878	0.806605208333333	1.70093977083333	0.350792854166666	6.44100694444444	6.77173611111111	12.6614930555555	0.0401413194444444	5.32719097222221	0.310494791666666	7.9084783125	7.27077218402777	0.2
341	2015-12-07	5.09823389830508	0.823497082414215	1.72382709803921	0.408588160539215	7.50370896464646	7.74813131313131	43.4843554292928	0.0403889204545454	6.74877809343433	0.309276041666666	6.48955364362373	6.00439687089646	0
342	2015-12-08	4.63496696609678	0.861192456185567	1.72959041559278	0.445048127147766	5.87903730334316	6.17270833333333	11.1022983038348	0.0409166666666666	2.69756090216322	0.306744791666667	5.77029228496804	5.220568047044	0.1
343	2015-12-09	4.14234489795918	0.883529655330882	1.74801884773284	0.422794795649509	6.3175726010101	6.60306186868686	30.8801931818181	0.0410753787878788	4.10448926767677	0.310494791666667	5.58835282386363	4.89537085164141	1.69999999999999
344	2015-12-10	4.03265088857248	0.877090166666666	1.746100140625	0.452970901041666	5.25503472222222	5.67107638888888	10.5570173611111	0.0407118055555555	1.79575	0.314671875	4.60915742708333	3.93795338194444	0
345	2015-12-11	3.79113074297795	0.861498770833333	1.735717859375	0.460393854166666	4.90392361111111	5.27607638888888	2.57997569444444	0.0415697916666666	2.83614236111111	0.3153125	4.87049562152777	4.25894863888888	4.59999999999999
346	2015-12-12	3.39241012658227	0.769396880208333	1.71491612499999	0.277438583333333	7.03246527777777	7.19458333333333	9.83146874999999	0.0373565972222222	7.27001041666666	0.327885416666666	10.3220822222222	9.64190166319443	0.899999999999999
347	2015-12-13	1.90486027874564	0.753386770833333	1.69846016666666	0.303588901041666	7.51065972222222	7.63649305555555	8.5053923611111	0.0388777777777777	7.32782986111111	0.320473958333333	8.85546199652778	8.6450496875	0.2
348	2015-12-14	2.14060048109965	0.803440239583333	1.695181984375	0.34125896875	7.29687499999999	7.45965277777777	34.7702708333332	0.0392229166666666	5.41098611111111	0.317083333333333	8.19784205208333	7.63157988541666	0.2
349	2015-12-15	5.49758257059396	0.827634958333333	1.70214702604166	0.404294869791666	6.24815972222222	6.51878472222222	6.98917013888888	0.0394461805555555	2.96321180555555	0.313380208333333	7.10089588888888	6.47606157291666	0
350	2015-12-16	4.85276164383561	0.840344010416666	1.70298273437499	0.374512859375	7.389375	7.56305555555555	0.128052083333333	0.0386961805555555	7.2195173611111	0.322010416666666	7.59766043055555	6.99436076041666	2.59999999999999
351	2015-12-17	5.15613941590721	0.813071359374999	1.696087390625	0.346001703125	9.02434027777777	9.06673611111111	7.82090972222221	0.0384340277777777	10.95803125	0.323729166666666	7.96917497916666	7.61647832986111	0.1
352	2015-12-18	5.38177622807017	0.800677614583333	1.6913745	0.391504348958333	8.7921875	8.89079861111111	10.4356666666666	0.0390597222222221	9.92302430555554	0.31678125	7.27054368402777	6.94606844444444	0.599999999999999
353	2015-12-19	5.62117891156462	0.8124731875	1.68811495312499	0.424799869791666	9.04104166666666	9.11072916666666	11.0217152777778	0.0397458333333333	9.84203124999998	0.314927083333333	6.74051603125	6.39498549305555	0
354	2015-12-20	5.6697900788709	0.820532651041666	1.68566799479166	0.454033359375	7.92972222222222	8.09857638888889	12.6802777777777	0.0399479166666667	7.21291319444444	0.310937499999999	6.35147915972222	6.03752361805555	0
355	2015-12-21	5.27979426647251	0.84248671875	1.6944855	0.439229130208333	8.46315972222222	8.59631944444444	17.8116944444444	0.0393402777777777	9.59669444444442	0.312432291666666	6.12497276041666	6.03122490972222	2.09999999999999
356	2015-12-22	4.77056883333333	0.846217302083333	1.69745261979166	0.410419307291666	8.85121527777777	8.92555555555555	9.71610416666666	0.0386444444444444	10.9640972222222	0.32475	6.45767407638889	6.15544851041666	1.4
357	2015-12-23	4.9514032430506	0.836564541666666	1.69751292187499	0.431472911458333	8.27836805555555	8.41267361111111	27.7030590277777	0.0391472222222221	9.14270486111109	0.322302083333333	6.22218606597222	5.86375229513888	0
358	2015-12-24	5.03774107142857	0.826612526041666	1.69121665104166	0.473455166666666	7.44930555555555	7.6871875	31.3106458333332	0.0402899305555555	7.93645486111109	0.314911458333333	5.64285866319444	5.16494528125	0
359	2015-12-25	4.76253017135863	0.840447380208333	1.70057292187499	0.448415776041666	8.64934027777777	8.74600694444444	11.0216111111111	0.0395045138888889	9.96670138888886	0.318765625	5.88681715625	5.51423703472222	3.59999999999999
360	2015-12-26	4.58742280701754	0.818112536458333	1.6904645	0.397628817708333	8.68729166666666	8.76381944444444	39.0861006944444	0.0384788194444444	9.5404097222222	0.325010416666666	6.23173777430555	5.85433816666666	0.1
361	2015-12-27	4.77696187698833	0.807448203125	1.68891361458333	0.452804223958333	6.96284722222222	7.27302083333333	31.646798611111	0.0396975694444444	4.05799305555555	0.316307291666667	5.68726051388888	5.20105135763888	0
362	2015-12-28	4.85563862035851	0.820309609374999	1.6862994375	0.48432909375	6.14927083333333	6.45541666666666	4.42985416666666	0.0402041666666666	2.87734375	0.311104166666666	5.04714930208333	4.49243953819444	0.1
363	2015-12-29	4.83442881355932	0.825361734375	1.68889040625	0.504063395833333	5.28597222222222	5.71600694444444	42.9292534722221	0.0402003472222222	2.95981597222222	0.308369791666666	4.68844783333333	4.20546438541666	0.1
364	2015-12-30	4.71205490315638	0.827673052083333	1.68885321875	0.513958307291666	6.40059027777777	6.66774305555555	9.17186805555554	0.0406319444444444	4.62768055555555	0.307614583333333	4.2225193298611	3.84798733680555	0
365	2015-12-31	4.23533446553446	0.830424859375	1.68757177083333	0.501133166666666	5.92527777777777	6.18947916666666	4.48061458333333	0.0416246527777778	3.26001388888888	0.307682291666666	4.22343302777777	3.91150675694444	1.5
