# 02AggregateData2Daily.R; alles mean
%	 351
%	 16
% Key	Time	nnit13	GWl3	GWl25	GWl32	Wt13	Wt18	sol71	con47	At47	Smoist24	St24	q13	q18	rain	
1	2013-03-05	4.89705555555556	0.476647099266667	NaN	0.409270836444444	4.69711111111111	4.54022222222222	180.2476	0.0281733333333333	4.84791111111111	NaN	NaN	22.7800732444444	22.5844386444444	0
2	2013-03-06	4.83384270833333	0.474695533625	NaN	0.432521266541667	4.15364583333333	4.07989583333333	151.50153125	0.02818125	3.93403125	NaN	NaN	22.2526801354167	21.8184686145833	0
3	2013-03-07	4.65763333333333	0.4785144842	NaN	0.449872781733333	4.531	4.45483333333333	100.236166666667	0.0279983333333333	5.5656	NaN	NaN	21.3570499666667	21.0346394666667	0
4	2013-03-15	1.1329	0.562396137	NaN	0.432061442	4.04	4.05	610.9	0.0284	1.38	NaN	NaN	13.234225	13.182597	0
5	2013-03-18	3.41190476190476	0.421968039928571	NaN	0.114722665714286	4.48214285714286	4.40928571428571	98.0060476190476	0.0277619047619048	4.29628571428571	NaN	NaN	38.6699065714286	36.9614589285714	0
6	2013-03-19	4.17841354166667	0.38800509875	NaN	0.102120481145833	4.16020833333333	4.08666666666667	116.48171875	0.0279083333333333	3.04354166666667	NaN	NaN	36.7565546041667	35.94322471875	0
7	2013-03-20	4.62870561797753	0.384505291011236	NaN	0.101565562	4.06123595505618	4.00089887640449	42.7382134831461	0.0279269662921348	2.30088764044944	NaN	NaN	46.8424508876404	45.1209927191011	3.88314606741573
8	2013-03-21	4.70168125	0.39277022621875	0.832388888888889	0.1257518075	3.94177083333333	3.85979166666667	51.2382291666667	0.0279114583333333	1.31189583333333	NaN	NaN	50.3746239479167	47.25404121875	0
9	2013-03-22	4.37431666666667	0.40414104240625	0.819	0.20920760625	4.0390625	3.95395833333333	118.233333333333	0.02783125	0.831947916666667	NaN	NaN	45.9924314270833	43.28204659375	0
10	2013-03-23	4.20190520833333	0.40983394115625	0.82509375	0.26655484375	3.61291666666667	3.54927083333333	105.56509375	0.0278166666666667	-0.921458333333333	NaN	NaN	40.4394153229167	38.1400429583333	0
11	2013-03-24	4.056403125	0.41638933546875	0.838416666666667	0.33560958125	3.21479166666667	3.1746875	179.045458333333	0.027803125	-1.84216666666667	NaN	NaN	34.9888687395833	33.1296923541667	0
12	2013-03-25	3.93872916666667	0.42716945990625	0.85434375	0.37182478125	2.9496875	2.8596875	131.3914375	0.027740625	-2.11967708333333	NaN	NaN	30.7441795208333	29.5308796770833	0
13	2013-03-26	3.83919166666667	0.4392647295625	0.870854166666667	0.39272266875	2.98364583333333	2.90197916666667	191.952291666667	0.0275416666666667	-1.42553125	NaN	NaN	27.93880234375	26.38299884375	0
14	2013-03-27	3.75422604166667	0.45135143846875	0.885395833333333	0.4106644125	3.241875	3.17614583333333	201.42503125	0.02733125	-0.801375	NaN	NaN	24.85019921875	23.47771184375	0
15	2013-03-28	3.64089333333333	0.459983314033333	0.893655555555556	0.411872886666667	3.48988888888889	3.43522222222222	123.3542	0.0270766666666667	-0.360266666666667	NaN	NaN	23.0839508111111	21.7059283444444	0
16	2013-03-29	3.54251041666667	0.473240206125	0.905458333333333	0.40926926875	3.7459375	3.62291666666667	90.6594583333333	0.026875	0.404375	NaN	NaN	21.4168936354167	19.9215683333333	0.3
17	2013-03-30	3.46606979166667	0.49121350075	0.918822916666667	0.42351339375	3.92739583333333	3.7971875	116.256479166667	0.0267052083333333	0.840666666666667	NaN	NaN	19.56791959375	18.32260409375	0
18	2013-03-31	3.362459375	0.52236285971875	0.945135416666667	0.43980633125	3.4228125	3.33520833333333	94.4289583333333	0.0267041666666667	-0.281520833333333	NaN	NaN	17.6935553020833	16.4066492916667	0
19	2013-04-01	3.31216210526316	0.534377072589474	0.954568421052632	0.452024545263158	3.26863157894737	3.24084210526316	175.151147368421	0.0266863157894737	-0.796210526315789	NaN	NaN	16.1744733473684	15.2468765789474	0
20	2013-04-02	3.2367625	0.557602117	0.973708333333333	0.463523775	3.51145833333333	3.46520833333333	224.073645833333	0.026540625	0.663572916666667	NaN	NaN	14.3983104583333	13.9091049166667	0
21	2013-04-03	3.18175416666667	0.57726508965625	0.9904375	0.4725970875	3.82302083333333	3.71864583333333	115.54490625	0.0264145833333333	1.49498958333333	NaN	NaN	12.933986375	12.8368843020833	0
22	2013-04-04	3.166721875	0.5845620589375	0.989510416666667	0.4796411	4.181875	4.09145833333333	169.448395833333	0.02626875	2.36940625	NaN	NaN	12.53247184375	12.3763320520833	0
23	2013-04-05	3.15750208333333	0.6077659718125	1.00273958333333	0.4835631125	3.74041666666667	3.66427083333333	36.85525	0.0262416666666667	2.05442708333333	NaN	NaN	11.8768736354167	11.5694081666667	0
24	2013-04-06	3.0619	0.645914814	1.03453125	0.4895339375	4.29572916666667	4.15760416666667	89.7326979166667	0.0261041666666667	1.71416666666667	NaN	NaN	11.08212053125	10.7410366354167	0
25	2013-04-07	3.002284375	0.64932734296875	1.03527083333333	0.491543725	4.1325	4.01697916666667	220.308	0.0261354166666667	0.758666666666667	NaN	NaN	10.80867546875	10.5602212604167	0
26	2013-04-08	2.96835104166667	0.6349056895	1.01089583333333	0.4890266125	4.77520833333333	4.56604166666667	189.478489583333	0.0260552083333333	3.82970833333333	NaN	NaN	10.9491608020833	10.5126980833333	0.6
27	2013-04-09	3.029728125	0.65751998071875	1.02091666666667	0.4841094625	5.4746875	5.24947916666667	106.444645833333	0.025946875	4.85291666666667	NaN	NaN	11.04540809375	10.2192309375	1.2
28	2013-04-10	2.873634375	0.68655269425	1.04789583333333	0.4613578875	6.82479166666667	6.54895833333333	123.91971875	0.025890625	8.04745833333333	NaN	NaN	10.410507875	10.53299375	1.5
29	2013-04-11	2.83438125	0.67405934971875	1.03522916666667	0.447367425	8.2821875	7.91958333333333	156.46203125	0.0258416666666667	12.1477604166667	NaN	NaN	10.4855481666667	11.1817282916667	4.5
30	2013-04-12	2.39386041666667	0.65196833434375	1.02984375	0.27627206875	8.27770833333333	8.173125	187.103083333333	0.0258875	10.2144583333333	NaN	NaN	20.71863959375	22.3453854270833	7.8
31	2013-04-13	2.4009329787234	0.667534897053191	1.06852127659574	0.260284065957447	8.14308510638298	8.05574468085106	192.809170212766	0.025886170212766	10.6435638297872	NaN	NaN	18.6248532021277	20.1406869255319	0
32	2013-04-14	2.33506145833333	0.666302240125	1.08334375	0.351756175	9.3721875	9.30791666666667	166.680364583333	0.0258697916666667	13.4972916666667	NaN	NaN	16.4431380833333	18.2577227395833	0
33	2013-04-15	2.31270421052632	0.647590918736842	1.08134736842105	0.42772224	10.3191578947368	10.3644210526316	231.864652631579	0.0258736842105263	15.5460526315789	NaN	NaN	15.8297076210526	17.5532516210526	0.606315789473684
34	2013-04-16	2.23475208333333	0.64599721121875	1.0923125	0.42165970625	11.1430208333333	11.1275	210.743208333333	0.025940625	16.0504166666667	NaN	NaN	15.9443575	17.7732899791667	2.1
35	2013-04-17	2.38678020833333	0.63709831159375	1.09859375	0.45081138125	10.8107291666667	10.8722916666667	154.225270833333	0.0265489583333333	15.0864583333333	NaN	NaN	14.9203930208333	16.3787880104167	0
36	2013-04-18	2.537353125	0.629101501	1.10035416666667	0.46733846875	11.1045833333333	11.2288541666667	230.954479166667	0.0271729166666667	14.4020729166667	NaN	NaN	14.0322323645833	15.3783166041667	0
37	2013-04-19	2.478265625	0.65099454903125	1.1296875	0.48550460625	9.790625	9.86708333333333	191.434354166667	0.0278083333333333	10.26375	NaN	NaN	13.1494523020833	13.9774088541667	0
38	2013-04-20	2.50479270833333	0.65163446509375	1.1388125	0.49592428125	8.82520833333333	8.98	185.1849375	0.0273479166666667	8.778125	NaN	NaN	12.03852353125	12.5276430520833	0
39	2013-04-21	2.54909479166667	0.63176924471875	1.11978125	0.4972608875	9.68166666666667	9.9040625	213.962635416667	0.027	11.3645625	NaN	NaN	11.9115437083333	12.41252140625	0
40	2013-04-22	2.54149791666667	0.64889074471875	1.13464583333333	0.5022170625	10.05875	10.1294791666667	215.3261875	0.026590625	11.2863229166667	NaN	NaN	11.398456125	11.6162826979167	0
41	2013-04-23	2.47863125	0.6746896349375	1.15921875	0.5093586375	10.3016666666667	10.3677083333333	248.75634375	0.02745625	11.9786354166667	NaN	NaN	10.5719281770833	10.7904168541667	2.1
42	2013-04-24	2.43048958333333	0.68360672615625	1.17275	0.51483189375	11.084375	10.9	288.727677083333	0.02866875	12.6909479166667	NaN	NaN	9.06502536458333	9.62114032291667	0
43	2013-04-25	2.4428875	0.67755855628125	1.16842708333333	0.51541726875	11.6026041666667	11.5220833333333	217.232208333333	0.0315552083333333	14.6658541666667	NaN	NaN	8.36331710416667	9.13744972916667	0
44	2013-04-26	2.36834583333333	0.65717755071875	1.14257291666667	0.49299740625	10.8120833333333	10.9360416666667	103.225739583333	0.034209375	12.1571770833333	NaN	NaN	10.1209773541667	11.0371968125	12.3
45	2013-04-27	1.93609166666667	0.68367093178125	1.13371875	0.3913470375	9.1384375	9.30354166666667	70.1885625	0.0317770833333333	6.154625	NaN	NaN	15.9806554375	16.7412671979167	5.1
46	2013-04-28	1.99423020833333	0.6980005571875	1.15764583333333	0.373844325	8.9440625	9.061875	124.852833333333	0.0345708333333333	7.68536458333333	NaN	NaN	13.6389514166667	14.1400201145833	0
47	2013-04-29	1.97605326086957	0.685965724565217	1.17411956521739	0.407414308695652	10.0705434782609	10.2103260869565	280.542826086956	0.0345141304347826	10.0792717391304	NaN	NaN	12.066878173913	12.6846624782609	0
48	2013-04-30	1.92950416666667	0.69285447634375	1.19117708333333	0.43346476875	9.46333333333333	9.53135416666667	143.10296875	0.034553125	8.65680208333333	NaN	NaN	11.3903577604167	11.7538466458333	1.8
49	2013-05-01	1.89170520833333	0.67541622859375	1.19153125	0.43377696875	10.1982291666667	10.3526041666667	161.658927083333	0.0343520833333333	11.4490208333333	NaN	NaN	10.7100563645833	11.62502184375	0
50	2013-05-02	2.02573645833333	0.66645205325	1.195625	0.4449283625	10.918125	10.9896875	210.927979166667	0.034190625	11.9176041666667	NaN	NaN	10.0989420520833	11.18124965625	0
51	2013-05-03	2.186440625	0.658460593125	1.19828125	0.45086991875	11.1494791666667	11.2155208333333	172.035854166667	0.0343010416666667	13.235	NaN	NaN	9.41103792708333	10.7587449791667	0
52	2013-05-04	2.20662604166667	0.67106094703125	1.21291666666667	0.4580017375	11.2042708333333	11.40125	198.33946875	0.0354635416666667	12.5431354166667	NaN	NaN	8.94421642708333	10.0213503020833	0
53	2013-05-05	2.22622708333333	0.68751898890625	1.227875	0.46925069375	11.4582291666667	11.7119791666667	316.857145833333	0.035971875	13.0326666666667	NaN	NaN	8.14620958333333	9.33563109375	0
54	2013-05-06	2.287040625	0.6807549263125	1.22184375	0.47502639375	11.8305208333333	12.1853125	310.568125	0.0364166666666667	14.1132291666667	NaN	NaN	7.47394922916667	8.82884551041667	0
55	2013-05-07	2.28086875	0.6887506668125	1.22438541666667	0.4721287875	11.3408333333333	11.4973958333333	80.6354479166667	0.0356614583333333	13.0208541666667	NaN	NaN	7.2658450625	8.531081125	2.1
56	2013-05-08	2.22362210526316	0.700234665126316	1.22817894736842	0.46968192	11.7144210526316	11.9488421052632	201.019821052632	0.0359894736842105	15.144	NaN	NaN	7.13116261052632	8.4474866	0.303157894736842
57	2013-05-09	2.19696770833333	0.71284168740625	1.23666666666667	0.4661969875	12.3207291666667	12.4360416666667	179.725739583333	0.0347072916666667	15.0629166666667	NaN	NaN	7.32960477083333	8.37624165625	1.2
58	2013-05-10	2.20700833333333	0.7320338188125	1.24732291666667	0.46072373125	11.703125	11.8876041666667	202.41621875	0.0357708333333333	13.305625	NaN	NaN	6.48922008333333	7.46266477083333	0
59	2013-05-11	2.38062526315789	0.7369737996	1.24874736842105	0.465274970526316	11.3203157894737	11.4314736842105	183.109378947368	0.0368315789473684	11.7703368421053	NaN	NaN	5.78686777894737	7.0388064	1.21263157894737
60	2013-05-12	2.186246875	0.75237309071875	1.25401041666667	0.4526943375	10.5372916666667	10.685	206.335708333333	0.0344802083333333	9.00894791666667	NaN	NaN	6.86112525	7.89238185416667	9
61	2013-05-13	2.20586145833333	0.75117458571875	1.25171875	0.44468445625	10.5317708333333	10.6389583333333	118.580854166667	0.03645625	11.2080625	NaN	NaN	6.15392228125	7.14516104166667	1.5
62	2013-05-14	2.30066354166667	0.75072514634375	1.24733333333333	0.44290881875	10.7965625	10.91125	156.188739583333	0.0374208333333333	11.40653125	NaN	NaN	5.95558657291667	6.91342623958333	0.3
63	2013-05-15	2.34279468085106	0.757959367148936	1.23942553191489	0.443844769925532	11.1112765957447	11.245	187.339627659574	0.0375648936170213	13.3367340425532	NaN	NaN	6.39674810638298	7.16934424468085	0.919148936170213
64	2013-05-16	2.39814526315789	0.761200541873684	1.23996842105263	0.445696542536842	11.5464210526316	11.6761052631579	130.994589473684	0.0381273684210526	14.4208105263158	NaN	NaN	6.49767891578947	7.21106690526316	1.21263157894737
65	2013-05-17	2.416103125	0.78492320240625	1.26215625	0.4425520974375	11.2048958333333	11.2792708333333	46.8439479166667	0.0385302083333333	12.1240625	NaN	NaN	6.43542971875	7.23197175	0
66	2013-05-18	2.40644210526316	0.801121031273684	1.28085263157895	0.447944423336842	10.8922105263158	11.1074736842105	181.382031578947	0.038498947368421	11.8608	NaN	NaN	6.16211649473684	6.88386007368421	0
67	2013-05-19	2.33539978947368	0.791508840947368	1.27546315789474	0.448762730821053	11.2281052631579	11.6476842105263	310.700052631579	0.03578	12.5545368421053	NaN	NaN	8.71874554736842	9.41192493684211	14.8547368421053
68	2013-05-20	2.1214	0.764327108	1.22278125	0.244496627645833	11.4245833333333	11.5557291666667	134.010645833333	0.0276	11.1807291666667	NaN	NaN	21.403841625	21.1961255625	3.9
69	2013-05-21	2.09581145833333	0.7431157096875	1.23635416666667	0.280039291510417	11.2376041666667	11.37875	150.718947916667	0.03565	11.876875	NaN	NaN	12.7598326458333	13.2546036666667	3.9
70	2013-05-22	2.269525	0.69944839403125	1.22465625	0.179313938302083	10.5975	10.7048958333333	100.881739583333	0.0312260416666667	8.9543125	NaN	NaN	20.1874736875	20.7151841770833	4.2
71	2013-05-23	2.72680416666667	0.5193890691875	1.17654166666667	0.12149735140625	9.91489583333333	10.03875	109.387822916667	0.0287916666666667	6.61082291666667	NaN	NaN	35.1052344166667	33.8238668020833	11.4
72	2013-05-24	2.69922291666667	0.5195902468125	1.17165625	0.169918499020833	9.57010416666667	9.691875	169.620510416667	0.0312135416666667	6.67958333333333	NaN	NaN	28.9214370520833	29.1267255208333	0
73	2013-05-25	2.54096458333333	0.53312693275	1.18760416666667	0.253901823354167	9.570625	9.7253125	215.73409375	0.030865625	8.44833333333333	NaN	NaN	25.5996220625	25.81453359375	1.5
74	2013-05-26	2.85491458333333	0.285520080125	1.10176041666667	0.10539924671875	9.54864583333333	9.58364583333333	61.45259375	0.0254739583333333	7.91883333333333	NaN	NaN	89.1183914270833	70.7373812395833	17.7
75	2013-05-27	3.41913854166667	0.1815968555	0.97665625	0.0783251615625	10.3807291666667	10.4380208333333	306.934916666667	0.0267822916666667	12.2074270833333	NaN	NaN	98.0022421979167	79.9037595208333	0.9
76	2013-05-28	3.270546875	0.30619322128125	0.975145833333333	0.17915783546875	10.9983333333333	11.1432291666667	314.482104166667	0.026434375	14.2945208333333	NaN	NaN	66.3493052291667	61.5390343020833	0
77	2013-05-29	2.95527916666667	0.3131777231875	0.979260416666667	0.132336741895833	10.52125	10.5523958333333	104.10784375	0.0264229166666667	9.606375	NaN	NaN	68.6715309479167	63.0038099375	8.4
78	2013-05-30	2.9677875	0.296122569	0.978052083333333	0.142971247416667	10.3432291666667	10.4384375	235.372708333333	0.0271364583333333	10.8716041666667	NaN	NaN	56.1116998958333	52.0011917291667	4.5
79	2013-05-31	2.794234375	0.296122569	0.951739583333333	0.0848717241354167	10.6640625	10.7140625	50.5317291666667	0.0266604166666667	14.5564583333333	NaN	NaN	64.2836436666667	58.2926599791667	4.8
80	2013-06-01	2.89993894736842	0.296122569	0.952515789473684	0.156203016526316	10.9972631578947	11.0718947368421	141.635347368421	0.0277852631578947	13.8078947368421	NaN	NaN	51.5827278736842	48.3067282631579	0
81	2013-06-02	2.90292291666667	0.296122569	0.9661875	0.254604286104167	10.8991666666667	11.0358333333333	316.848270833333	0.0280958333333333	12.15621875	NaN	NaN	42.1013342916667	39.6595036458333	0
82	2013-06-03	2.89696701030928	0.346727070247423	0.971041237113402	0.355775618670103	10.8514432989691	11.0437113402062	349.226804123711	0.0286711340206186	11.3907319587629	NaN	NaN	33.9155480927835	32.3619738350515	0
83	2013-06-04	2.87075729166667	0.431685007270833	0.96265625	0.40341906840625	11.1628125	11.4232291666667	359.809572916667	0.029446875	12.1992395833333	NaN	NaN	28.37614334375	27.247417375	0
84	2013-06-05	2.871646875	0.462744851895833	0.964875	0.424327091645833	11.8016666666667	12.14	289.870270833333	0.03021875	14.80865625	NaN	NaN	24.1071675208333	23.0588902708333	0
85	2013-06-06	2.93137578947368	0.496706060926316	0.976557894736842	0.442107820557895	12.072	12.4694736842105	366.897526315789	0.0309957894736842	16.0559684210526	NaN	NaN	19.7057657263158	18.7167905473684	0
86	2013-06-07	2.98535	0.52483664375	0.978270833333333	0.446922976770833	12.7120833333333	13.1209375	358.700635416667	0.0446979166666667	17.63396875	NaN	NaN	16.3340731666667	16.22973884375	0
87	2013-06-08	3.019584375	0.5445645661875	0.969770833333333	0.4505718805	13.31	13.774375	333.120333333333	0.0327875	18.584375	NaN	NaN	14.1397836875	14.20124565625	0
88	2013-06-09	2.8975	0.561172443875	0.96190625	0.436649459052083	12.7882291666667	13.1932291666667	112.588979166667	0.0334479166666667	15.5883333333333	NaN	NaN	13.5424001354167	13.3424162916667	0.9
89	2013-06-10	2.71052083333333	0.593928450166667	0.974427083333333	0.42384902671875	12.6304166666667	12.9622916666667	111.703729166667	0.0342364583333333	15.0596875	NaN	NaN	12.4315743958333	12.5776742708333	0.9
90	2013-06-11	2.72851145833333	0.626759221479167	0.994197916666667	0.430805359229167	12.9248958333333	13.2876041666667	331.3473125	0.0347479166666667	15.9640625	NaN	NaN	10.00182209375	10.6660840104167	0
91	2013-06-12	2.80532291666667	0.649006836708333	1.0004375	0.4486986465	12.8079166666667	13.1929166666667	167.91825	0.0388458333333333	16.885625	NaN	NaN	7.9648945625	9.09791973958333	0
92	2013-06-13	2.912571875	0.670851613541667	0.997989583333333	0.45721600734375	13.9223958333333	14.3030208333333	240.231541666667	0.045090625	19.3629166666667	NaN	NaN	7.22706001041667	8.62290503125	6
93	2013-06-14	2.68839052631579	0.705200320336842	1.00786315789474	0.445400768747368	12.8149473684211	13.0926315789474	232.836052631579	0.0346536842105263	13.6675789473684	0.229179487179487	14.725641025641	7.52811216842105	8.84470988421053	0
94	2013-06-15	2.865846875	0.714234295854167	1.00092708333333	0.446669309666667	12.4129166666667	12.7309375	184.19528125	0.0368677083333333	14.8468958333333	0.230583333333333	13.5625	6.03797927083333	7.58270578125	0
95	2013-06-16	3.04426875	0.743834548729167	1.0229375	0.460523436125	12.7015625	13.05125	260.488989583333	0.03748125	15.6208020833333	0.230583333333333	13.8541666666667	4.93901964583333	6.63809733333333	0
96	2013-06-17	3.04109583333333	0.750075754125	1.02851041666667	0.46907006625	13.5903125	14.0436458333333	316.18840625	0.0382958333333333	19.811875	0.228541666666667	14.6958333333333	4.27852413541667	6.12964630208333	0
97	2013-06-18	3.13745729166667	0.768328462270833	1.05054166666667	0.484875478125	14.9520833333333	15.5316666666667	332.491802083333	0.0388114583333333	24.3541666666667	0.22675	16.6666666666667	3.52579548958333	5.41347082291667	0
98	2013-06-19	3.23361354166667	0.766344399479167	1.05915625	0.4946514180625	15.8129166666667	16.525625	333.27775	0.0453979166666667	26.2269791666667	0.230166666666667	17.9333333333333	3.243376	4.07323223958333	0
99	2013-06-20	3.19855104166667	0.781878785375	1.07727083333333	0.490778116510417	15.8209375	16.3384375	191.585145833333	0.0377427083333333	21.93375	0.230125	18.3708333333333	3.49281484375	3.61746089583333	6.3166022228125
100	2013-06-21	2.85544791666667	0.801483959270833	1.09177083333333	0.47946066109375	14.8630208333333	15.1929166666667	249.03171875	0.0304291666666667	17.6163541666667	0.236458333333333	17.2041666666667	3.65671720833333	3.78358671875	0.3
101	2013-06-22	3.105703125	0.803823992833333	1.10767708333333	0.490563475114583	14.1395833333333	14.4986458333333	221.978291666667	0.0382322916666667	17.3798958333333	0.233666666666667	15.9708333333333	3.13040244791667	3.15228282291667	0
102	2013-06-23	3.23065416666667	0.815931462625	1.1225	0.503217561041667	13.8441666666667	14.1763541666667	227.372416666667	0.0404229166666667	16.3719791666667	0.231166666666667	15.9541666666667	3.03811309375	3.000385	0
103	2013-06-24	3.10636041666667	0.834157389270833	1.14976041666667	0.499119861666667	13.1140625	13.4059375	175.955229166667	0.040571875	14.1878125	0.2275	15.1625	3.16439396875	3.09198551041667	2.7
104	2013-06-25	2.89991354166667	0.842822320416667	1.164625	0.47735327284375	12.7394791666667	13.0405208333333	182.266791666667	0.039196875	13.099375	0.228916666666667	14.7666666666667	3.18118305208333	3.09346277083333	1.8
105	2013-06-26	3.0036	0.842831247583333	1.17520833333333	0.479021621875	11.4867708333333	11.8045833333333	165.977458333333	0.0409989583333333	11.3291041666667	0.230208333333333	13.2916666666667	3.05112148958333	2.92390169791667	0
106	2013-06-27	2.97712916666667	0.831704650229167	1.17295833333333	0.468270039229167	11.9392708333333	12.23	140.138354166667	0.0414760416666667	12.018125	0.229583333333333	13.3625	3.06906832291667	3.07685386458333	1.5
107	2013-06-28	2.96544895833333	0.831745938375	1.17859375	0.4588258178125	12.0533333333333	12.3564583333333	153.12540625	0.041478125	13.3188541666667	0.230333333333333	13.625	2.96181413541667	3.04476383333333	0
108	2013-06-29	2.75098854166667	0.837712633395833	1.18366666666667	0.450884086166667	12.8816666666667	13.1615625	193.916208333333	0.0489739583333333	14.640625	0.248708333333333	14.3333333333333	3.21724529166667	3.32855788541667	6.3
109	2013-06-30	3.008178125	0.84865176025	1.20364583333333	0.460718564666667	11.9648958333333	12.2896875	264.017322916667	0.0407354166666667	13.58790625	0.258416666666667	13.6208333333333	2.96734919791667	2.96326760416667	0
110	2013-07-01	3.22279895833333	0.838937887020833	1.20672916666667	0.4762703094375	13.1232291666667	13.609375	320.953895833333	0.0417489583333333	17.5739583333333	0.254416666666667	14.3958333333333	2.734768125	2.74959516666667	0
111	2013-07-02	3.347653125	0.850372471625	1.21869791666667	0.49485630303125	13.4895833333333	13.940625	305.658583333333	0.0422989583333333	18.0753125	0.2495	15.0833333333333	2.57508255208333	2.56868584375	0
112	2013-07-03	2.74750416666667	0.861080608041667	1.21810416666667	0.46061124396875	14.1148958333333	14.4858333333333	103.4689375	0.0534479166666667	17.1444791666667	0.255125	15.7125	3.45649101041667	3.80668310416667	15.3
113	2013-07-04	2.57206526315789	0.888638372168421	1.24078947368421	0.440806415884211	14.4552631578947	14.8390526315789	246.042831578947	0.03892	18.6630526315789	0.270873684210526	16.2652631578947	3.08950957894737	3.32556843157895	0
114	2013-07-05	2.92172631578947	0.892712543094737	1.26581052631579	0.471497876105263	14.6986315789474	15.1037894736842	252.224084210526	0.0414505263157895	18.6742105263158	0.2698	16.6673684210526	2.74842103157895	2.85709783157895	0
115	2013-07-06	3.03935684210526	0.888097103957895	1.27627368421053	0.482885167	14.5072631578947	15.0308421052632	319.426315789474	0.0422663157894737	18.8414736842105	0.263326315789474	16.0663157894737	2.54304115789474	2.52697747368421	0
116	2013-07-07	3.2886	0.894997146	1.283	0.482885167	14.09	14.7	0.338	0.0425	13.49	0.26	16.2	2.520283	2.418002	0
117	2013-07-11	3.25898571428571	0.919356833214286	1.32891071428571	0.472799808946429	14.3682142857143	15.04625	327.40575	0.0436160714285714	17.0516071428571	0.2315	15.7357142857143	2.008106875	1.81340121428571	0
118	2013-07-12	3.29016458333333	0.922897889520833	1.33851041666667	0.480319226677083	13.6515625	14.2578125	302.070583333333	0.0436739583333333	16.11409375	0.227916666666667	14.7708333333333	2.08837678125	1.91838878125	0
119	2013-07-13	3.28757604166667	0.928388097020833	1.3515625	0.489451242427083	13.9930208333333	14.6545833333333	280.659385416667	0.0425572916666667	17.0644791666667	0.224416666666667	15.0208333333333	2.0106019375	1.87090365625	0
120	2013-07-14	3.265921875	0.938619745916667	1.36498958333333	0.501900443385417	14.3776041666667	15.0626041666667	320.981354166667	0.0432927083333333	17.8567708333333	0.22175	15.2541666666667	2.01450376041667	1.8194285625	0
121	2013-07-15	3.35773125	0.952340801083333	1.379875	0.515569197729167	14.425	15.0722916666667	294.65615625	0.0500145833333333	17.9678125	0.219125	15.375	1.91978066666667	1.72517680208333	0
122	2013-07-16	3.40733125	0.959961253729167	1.39425	0.528506220041667	14.7360416666667	15.4164583333333	312.987614583333	0.04374375	19.0376041666667	0.216958333333333	15.4208333333333	1.84048420833333	1.71657977083333	0
123	2013-07-17	3.42499789473684	0.962752272473684	1.41252631578947	0.542907528010526	15.2591578947368	15.7751578947368	327.488589473684	0.0441578947368421	19.7521052631579	0.215905263157895	15.6105263157895	1.78131511578947	1.65465932631579	0
124	2013-07-18	3.383409375	0.9806974135	1.43098958333333	0.557590129177083	16.0357291666667	16.6909375	321.4773125	0.0444239583333333	21.0346875	0.214333333333333	16.0291666666667	1.64069921875	1.54984111458333	0
125	2013-07-19	3.27138541666667	1.00104801746875	1.44370833333333	0.5698149323125	15.9796875	16.7076041666667	347.542802083333	0.04461875	20.5138541666667	0.212375	15.9416666666667	1.56779407291667	1.49112260416667	0
126	2013-07-20	3.17718210526316	1.0159917846	1.45801052631579	0.581742626568421	15.6188421052632	16.4194736842105	337.125915789474	0.0445589473684211	18.7106315789474	0.210536842105263	15.6789473684211	1.51823306315789	1.41545024210526	0
127	2013-07-21	3.25575473684211	1.03136332282105	1.47114736842105	0.590389080347368	15.9822105263158	16.8370526315789	345.935168421053	0.0447821052631579	21.5070526315789	0.209410526315789	15.8063157894737	1.49308301052632	1.49477170526316	0
128	2013-07-22	3.32720208333333	1.03837845339583	1.47984375	0.599006162145833	16.4479166666667	17.2253125	307.90396875	0.0449145833333333	23.0397916666667	0.207833333333333	16.325	1.44236664583333	1.40517788541667	0
129	2013-07-23	3.27113854166667	1.05058366214583	1.49110416666667	0.594323077145833	16.8088541666667	17.6179166666667	229.384354166667	0.039859375	22.3034375	0.205666666666667	17.1666666666667	1.47571138541667	1.44154780208333	2.4
130	2013-07-24	3.26492604166667	1.07120911960417	1.50470833333333	0.57124912709375	16.7180208333333	17.3144791666667	181.159083333333	0.036896875	20.7390625	0.205166666666667	17.4708333333333	1.5482480625	1.54332648958333	0
131	2013-07-25	3.24898307692308	1.08453658773846	1.5144	0.569039521507692	16.1918461538462	16.6855384615385	287.365584615385	0.0418215384615385	20.3558461538462	0.208046153846154	16.8646153846154	1.53385227692308	1.51612967692308	7.08923076923077
132	2013-07-26	2.46985714285714	0.991178653571429	1.46028571428571	0.397519217571429	17.4842857142857	17.5485714285714	218.214285714286	0.0322428571428571	26.5942857142857	0.256857142857143	18.0142857142857	2.12135685714286	1.93390614285714	0
133	2013-07-30	2.967845	0.988780012	1.52516006836667	0.533732541	16.9171666666667	17.2256666666667	276.073416666667	0.044185	20.9933333333333	0.2448	17.3733333333333	0.96182435	2.1915874	1.44
134	2013-07-31	2.91080520833333	1.00157481978125	1.53515909104167	0.542702643145833	16.7342708333333	16.9559375	161.92475	0.043703125	20.1271875	0.241791666666667	17.3916666666667	1.08556346875	2.3739686875	1.5
135	2013-08-01	2.86684895833333	1.0173779360625	1.54444681117708	0.559782230364583	16.7925	17.05375	307.676479166667	0.044171875	21.7195833333333	0.240875	17.225	0.88402309375	2.09317375	0
136	2013-08-02	2.88079052631579	1.04074016341053	1.55438626421053	0.583342908189474	17.508	17.8168421052632	311.866	0.0448305263157895	24.1433684210526	0.238294736842105	17.6589473684211	0.667736221052632	1.85845647368421	0
137	2013-08-03	3.01304421052632	1.09112127387368	1.57848384488421	0.611947542968421	18.0547368421053	18.244	208.509610526316	0.0451484210526316	22.9218947368421	0.234042105263158	17.9831578947368	0.584992052631579	1.75935704210526	0
138	2013-08-04	3.03356875	1.111699415375	1.58930407484375	0.62663326075	17.5130208333333	17.6946875	271.949208333333	0.045284375	21.516875	0.2295	17.8083333333333	0.534064572916667	1.62152810416667	0
139	2013-08-05	3.16963125	1.11196949691667	1.59209777047917	0.63767588046875	16.9015625	17.1785416666667	291.597677083333	0.0457802083333333	21.8935416666667	0.224958333333333	17.125	0.50261334375	1.49565291666667	0
140	2013-08-06	2.93170744680851	1.14018024612766	1.60104656864894	0.636527893297872	17.6439361702128	17.8801063829787	210.676638297872	0.0432340425531915	20.6220212765957	0.21963829787234	17.6095744680851	0.910173276595745	1.96895705319149	6.74042553191489
141	2013-08-07	2.78003020833333	1.14625554991667	1.598201731875	0.597412661114583	16.9291666666667	17.1857291666667	147.56309375	0.037934375	19.5278125	0.216875	17.1791666666667	0.90955528125	2.04247532291667	2.4
142	2013-08-08	2.69869263157895	1.18768354192632	1.61760246373684	0.599458434063158	16.6792631578947	16.9247368421053	146.693642105263	0.0416557894736842	17.9172631578947	0.220842105263158	17.26	0.820610305263158	2.01493476842105	0
143	2013-08-09	2.87141770833333	1.19884034972917	1.62543235746875	0.60874874453125	15.6090625	15.8897916666667	193.32759375	0.0437770833333333	17.3564583333333	0.223041666666667	16.35	0.729638947916667	1.75517325	0
144	2013-08-10	3.00360208333333	1.19773425575	1.63138872747917	0.62524978903125	15.5392708333333	15.8361458333333	234.273697916667	0.04485625	17.7642708333333	0.222125	16.0041666666667	0.622082208333333	1.5723395	0
145	2013-08-11	3.18258020833333	1.2056973694375	1.63873667415625	0.64939765903125	14.5720833333333	14.9184375	267.658739583333	0.0452635416666667	15.9964583333333	0.220208333333333	15.4541666666667	0.50660571875	1.3205246875	0
146	2013-08-12	3.05472395833333	1.21634316680208	1.6326748816875	0.660934974697917	14.1911458333333	14.6285416666667	140.841822916667	0.0447177083333333	15.1151770833333	0.217708333333333	14.8833333333333	0.890297447916667	1.86167302083333	7.2
147	2013-08-13	3.22492947368421	1.24729201137895	1.63379535616842	0.645898600894737	14.5512631578947	14.8548421052632	213.099084210526	0.0393926315789474	15.3708421052632	0.223094736842105	15.0515789473684	0.719693021052632	1.59254074736842	0
148	2013-08-14	3.37213010752688	1.26298066017204	1.64694738453763	0.652670117354839	13.2620430107527	13.797311827957	190.576591397849	0.0427139784946237	14.105688172043	0.224741935483871	14.0440860215054	0.669912344086022	1.41694319354839	0
149	2013-08-15	3.37555578947368	1.25975396098947	1.65086181237895	0.654329173052632	13.8116842105263	14.2002105263158	232.534978947368	0.0443663157894737	16.1668631578947	0.222821052631579	14.0968421052632	0.555778684210526	1.39187102105263	0
150	2013-08-16	3.3910987654321	1.24905690732099	1.65337399916049	0.660263889987654	14.0065432098765	14.4048148148148	284.555222222222	0.0453135802469136	18.6658271604938	0.220543209876543	14.0913580246914	0.467160024691358	1.25526891358025	0
151	2013-08-21	3.12830625	1.327445019125	1.69467384003125	0.70161742790625	14.925	15.298125	70.58534375	0.04399375	15.7178125	0.21575	14.84375	0.36430328125	1.15883803125	0
152	2013-08-22	3.17392272727273	1.31347148242045	1.69581815305682	0.692792936397727	13.93375	14.3756818181818	222.258920454545	0.0452454545454545	16.1157840909091	0.214227272727273	14.1090909090909	0.458579897727273	1.24078419318182	0
153	2013-08-23	3.227528125	1.29422306861458	1.7028967931875	0.7038561366875	14.7648958333333	15.0832291666667	168.748177083333	0.045840625	17.2695833333333	0.213583333333333	14.6791666666667	0.409019270833333	1.1475941875	0
154	2013-08-24	3.28954166666667	1.28608180916667	1.69995199198611	0.704219472694444	13.9320833333333	14.3843055555556	217.410208333333	0.0460805555555556	16.9333333333333	0.212055555555556	14.0736111111111	0.482410055555556	1.295229	4.8
155	2013-08-25	3.00552	1.28750726562857	1.70085280197143	0.693413620285714	14.544	14.8968571428571	19.2189142857143	0.0391714285714286	14.2817142857143	0.208657142857143	14.6828571428571	0.768825485714286	1.63755297142857	1.64571428571429
156	2013-09-10	2.96396903846154	1.31443926805769	1.75536096473077	0.597149896615385	13.1905769230769	13.3934615384615	84.7275384615385	0.0272692307692308	11.9782692307692	0.263307692307692	13.8615384615385	6.43903209615385	4.58693023076923	3.87692307692308
157	2013-09-11	2.83811913978495	1.29293193236559	1.74413014264516	0.571488362322581	12.7712903225806	13.1035483870968	90.6093548387097	0.0320537634408602	12.218064516129	0.262086021505376	13.3709677419355	3.1466263655914	3.81058797849462	4.95483870967742
158	2013-09-12	2.581071875	1.29984362402083	1.7485236879375	0.56937882	13.0113541666667	13.303125	91.434875	0.0379635416666667	12.8377083333333	0.260083333333333	13.4	2.30024002083333	3.15521195833333	0
159	2013-09-13	2.66718333333333	1.29408487227083	1.7649554485625	0.573310152	13.25125	13.5660416666667	95.0318958333333	0.04294375	13.7708333333333	0.255416666666667	13.6041666666667	1.32718513541667	2.19627091666667	0
160	2013-09-14	2.65560104166667	1.23333685419792	1.760781169	0.558343152	13.6113541666667	13.915	61.8828854166667	0.044453125	14.6734375	0.255	13.6833333333333	1.39435445833333	2.18514933333333	1.5
161	2013-09-15	2.70922083333333	1.19769076458333	1.762924442125	0.543775272	13.199375	13.4928125	104.822302083333	0.043571875	13.7432291666667	0.256083333333333	13.6416666666667	1.30547240625	1.95986571875	0
162	2013-09-16	2.70326770833333	1.16118584332292	1.756637507625	0.533448042	12.7460416666667	13.070625	110.988395833333	0.0447989583333333	12.0981145833333	0.253875	13.5125	1.44257894791667	2.17747367708333	3
163	2013-09-17	2.80849583333333	1.18782107248958	1.770068685875	0.538257438	11.0854166666667	11.6126041666667	167.85621875	0.0451354166666667	9.84228125	0.252833333333333	12.4333333333333	1.21208557291667	1.84168746875	2.7
164	2013-09-18	2.62852916666667	1.16435321410417	1.769007255375	0.521514354	12.0053125	12.3408333333333	52.995125	0.0431302083333333	11.4760416666667	0.259083333333333	12.5208333333333	1.61887009375	2.24885932291667	0.9
165	2013-09-19	2.73801770833333	1.22923736501042	1.7964615635	0.532530066	11.5380208333333	11.9473958333333	88.3376979166667	0.0444822916666667	11.2668125	0.252666666666667	12.3625	1.23262851041667	1.830895375	0.3
166	2013-09-20	2.76987395833333	1.22983625690625	1.804891771125	0.537419286	12.1660416666667	12.4844791666667	58.41571875	0.04560625	12.86875	0.24625	12.5958333333333	1.08212139583333	1.59732047916667	0.6
167	2013-09-21	2.79573541666667	1.26389179042708	1.8184556281875	0.555150192	12.0734375	12.4526041666667	136.76396875	0.0463364583333333	12.4051666666667	0.246666666666667	12.5875	0.848723541666667	1.401321625	0
168	2013-09-22	2.84764193548387	1.23783787015054	1.82115365019355	0.555276365419355	12.0021505376344	12.3421505376344	79.8707096774194	0.0526301075268817	12.8531397849462	0.245924731182796	12.3784946236559	0.877822580645161	1.41506566666667	0
169	2013-09-23	2.72952105263158	1.19180120515789	1.81775463284211	0.549168433515789	13.0393684210526	13.3002105263158	67.7900210526316	0.0520631578947368	14.6375789473684	0.244210526315789	13.1663157894737	1.03020474736842	1.62752484210526	0
170	2013-09-24	2.27355348837209	1.1472383657907	1.80819426306977	0.533335963534884	12.8141860465116	13.0241860465116	101.890139534884	0.0466232558139535	13.8344186046512	0.243	13.1139534883721	1.447682	2.05190720930233	0
171	2014-04-26	1.983025	0.793337985	1.47591370075	0.535706	11.835	11.8425	NaN	0.0441	9.69	0.23	12.8	19.19924275	3.2767415	0
172	2014-04-27	1.57886947916667	0.790050677604167	1.46940400582292	0.445704028645833	11.5611458333333	11.6125	98.649075	0.0320822916666667	11.568125	0.227208333333333	12.175	17.9718269270833	7.16908636458333	11.1
173	2014-04-28	1.52861111111111	0.797957418555556	1.48069791614444	0.4464883	11.0741111111111	11.1711111111111	61.4934	0.04012	11.7634444444444	0.230633333333333	11.67	8.2739699	4.92596305555556	0.64
174	2014-04-29	1.37701348314607	0.797628112134831	1.47777167448315	0.423112255617978	11.7726966292135	11.8485393258427	68.7547752808989	0.0402112359550562	13.4831460674157	0.240067415730337	12.2247191011236	7.43621941573034	7.07117125842697	6.79550561797753
175	2014-04-30	1.36632298850575	0.792403286321839	1.4709274855977	0.401162534482759	12.0381609195402	12.0765517241379	161.161022988506	0.0395425287356322	13.2618390804598	0.250126436781609	12.3827586206897	5.69365148275862	7.18267150574713	0
176	2014-05-01	1.47956770833333	0.798095044166667	1.48065615864583	0.444284770833333	12.25125	12.3063541666667	145.020083333333	0.041040625	13.818125	0.247833333333333	12.5791666666667	3.896606375	5.38435841666667	0
177	2014-05-02	1.54556989247312	0.81498940827957	1.49707724449462	0.466328201612903	11.6118279569892	11.7331182795699	88.5681827956989	0.0408838709677419	11.0599784946237	0.245279569892473	12.4870967741935	3.39926997849462	4.6796845483871	0.309677419354839
178	2014-05-03	1.591690625	0.826659838125	1.5142336566875	0.480155197916667	9.79697916666667	10.1202083333333	171.484875	0.0409125	7.27711458333333	0.2435	11.0708333333333	2.91530769791667	3.97939322916667	0
179	2014-05-04	1.79233058823529	0.816697732588235	1.51263643263529	0.493554970588235	8.81223529411765	9.17682352941176	237.774682352941	0.0417164705882353	8.37101176470588	0.241952941176471	9.59058823529412	2.49444490588235	3.42777404705882	0
180	2014-05-05	1.87793229166667	0.805814045833333	1.50840624954167	0.500834309895833	9.68916666666667	9.9984375	205.894010416667	0.043903125	9.74452083333333	0.24075	9.9625	1.96595784375	3.13786008333333	0
181	2014-05-06	2.00581630434783	0.802059910543478	1.50043520454348	0.501731573369565	10.1623913043478	10.4944565217391	119.527141304348	0.0440891304347826	12.5118913043478	0.238836956521739	10.329347826087	1.76344038043478	3.01681375	0
182	2014-05-07	1.92834302325581	0.821592286395349	1.50714025876744	0.497835654069767	11.7047674418605	11.8883720930233	148.571918604651	0.0424651162790698	12.416976744186	0.23553488372093	11.8209302325581	1.84919318604651	3.32131781395349	5.35813953488372
183	2014-05-08	1.91800595238095	0.823047165833333	1.50999292765476	0.484630741071429	11.0784523809524	11.2571428571429	111.576821428571	0.0421238095238095	12.00725	0.236297619047619	11.6714285714286	1.82947097619048	3.28328620238095	4.45714285714286
184	2014-05-09	1.82548152173913	0.828998367826087	1.51451085125	0.466166480978261	11.9615217391304	12.1582608695652	160.8325	0.0393684782608696	14.1224130434783	0.236326086956522	12.2141304347826	1.67430240217391	3.22842994565217	2.19130434782609
185	2014-05-10	1.76147765957447	0.820665771702128	1.51041122794681	0.46592817287234	10.8186170212766	11.0564893617021	98.4545531914894	0.0412978723404255	10.5897127659574	0.237914893617021	11.5574468085106	2.31783505319149	3.85309981914894	2.75744680851064
186	2014-05-11	1.4802247311828	0.814306105806452	1.49698487775269	0.405165481182796	10.9549462365591	11.1889247311828	206.236451612903	0.0346645161290323	10.8501182795699	0.252569892473118	11.5913978494624	3.2977502688172	4.99580138709677	1.54838709677419
187	2014-05-12	1.58650531914894	0.837841600744681	1.52403889348936	0.424935444148936	10.3926595744681	10.6796808510638	197.931680851064	0.0378542553191489	9.76743617021277	0.250585106382979	11.2808510638298	2.56356365957447	4.17632103191489	0.306382978723404
188	2014-05-13	1.53912093023256	0.848306127209302	1.54007734797674	0.425486511627907	10.4498837209302	10.6826744186047	161.606011627907	0.0398511627906977	9.43763953488372	0.249709302325581	11.1418604651163	2.43274054651163	3.98576802325581	0.669767441860465
189	2014-05-14	1.58989466666667	0.8680220188	1.56127078762667	0.44660941	9.2904	9.70373333333333	153.224413333333	0.0385093333333333	7.87326666666667	0.250106666666667	10.2426666666667	2.08479205333333	3.44121324	0
190	2014-05-15	1.62691263157895	0.863716006315789	1.56915033244211	0.448783015789474	9.24421052631579	9.54684210526316	113.883168421053	0.0419842105263158	8.43403157894737	0.252863157894737	9.95894736842105	1.81134357894737	3.14235505263158	0
191	2014-05-16	1.83754457831325	0.832300667831325	1.55644600753012	0.473971515060241	10.8421686746988	11.2233734939759	283.818602409639	0.0434795180722892	12.520313253012	0.251204819277108	10.7313253012048	1.25425209638554	2.52399971084337	0
192	2014-05-17	1.95928510638298	0.812266917340426	1.55132849358511	0.495958728723404	10.7944680851064	11.1903191489362	234.941414893617	0.0436351063829787	11.5805	0.247914893617021	10.868085106383	1.10972854255319	2.26324793617021	0
193	2014-05-18	2.09581411764706	0.800972510588235	1.54876543625882	0.509691097058824	11.7952941176471	12.0716470588235	232.472388235294	0.0442494117647059	14.4870705882353	0.244541176470588	11.5611764705882	0.796663058823529	2.107322	0
194	2014-05-19	2.16319255319149	0.808485714148936	1.55939314747872	0.51634772606383	12.1715957446809	12.4807446808511	214.841361702128	0.0443957446808511	15.6434893617021	0.240936170212766	12.1489361702128	0.66557479787234	1.83003787234043	0
195	2014-05-20	2.27378	0.832064635222222	1.58371232396667	0.533048308333333	13.3131111111111	13.65	268.649466666667	0.0444122222222222	18.4433111111111	0.237388888888889	12.86	0.287658944444444	1.42818228888889	0
196	2014-05-21	2.29592333333333	0.831286751333333	1.58974360016667	0.543746358333333	13.5622222222222	13.8997777777778	215.8892	0.0445233333333333	18.5724444444444	0.233588888888889	13.3377777777778	0.167395933333333	1.2897817	0
197	2014-05-22	2.33094512195122	0.83606614	1.59798315737805	0.551558609756098	13.9881707317073	14.3653658536585	201.106170731707	0.0444841463414634	18.8612195121951	0.231158536585366	13.9231707317073	0.147863951219512	1.3148106097561	3.86341463414634
198	2014-05-23	2.02552688172043	0.846154949892473	1.60476691612903	0.532569728494624	13.5205376344086	13.5561290322581	128.439139784946	0.0388129032258065	14.5679569892473	0.229827956989247	14.0559139784946	0.605326419354839	2.2079505483871	5.26451612903226
199	2014-05-24	2.07475679012346	0.86173193	1.61684699907407	0.52258575	12.4012345679012	12.6622222222222	161.383641975309	0.0415703703703704	13.3545802469136	0.230283950617284	13.0259259259259	0.369240320987654	1.67011785185185	0
200	2014-05-25	2.1799225	0.866255624	1.6254413821875	0.5351509125	11.665125	12.179375	242.0111125	0.043785	13.6220625	0.2278	12.155	0.25322185	1.3705666125	0
201	2014-05-26	2.01268947368421	0.843263013894737	1.61729492147368	0.522628244736842	12.6012631578947	12.8430526315789	75.5392421052632	0.0431484210526316	14.7468421052632	0.227473684210526	12.8021052631579	0.548164989473684	1.98372088421053	3.33473684210526
202	2014-05-27	1.52999578947368	0.839249510947368	1.60562471784211	0.477998147368421	13.2197894736842	13.3813684210526	91.2666947368421	0.0379621052631579	14.8481052631579	0.236810526315789	13.4	1.70275714736842	3.63801622105263	0.606315789473684
203	2014-05-28	1.68705104166667	0.854910486666667	1.61719235432292	0.4576468203125	12.7830208333333	12.8954166666667	64.5971666666667	0.039059375	13.7584375	0.237625	13.3458333333333	0.98183925	2.67513583333333	0
204	2014-05-29	1.67406489361702	0.869683914893617	1.6295012187766	0.451025630319149	12.1454255319149	12.2695744680851	45.3040957446809	0.0409340425531915	11.4877659574468	0.240882978723404	12.8308510638298	1.28163464893617	3.03996332978723	0
205	2014-05-30	1.62697956989247	0.878003793978495	1.6357977272043	0.434607365591398	11.0002150537634	11.2218279569892	130.635408602151	0.0418215053763441	10.0724193548387	0.248440860215054	12.0129032258065	1.11796486021505	2.66026620430108	0
206	2014-05-31	1.85332666666667	0.868673047777778	1.637724686	0.456435019444444	11.0312222222222	11.5281111111111	199.888588888889	0.0438755555555556	12.5411444444444	0.243444444444444	11.4377777777778	0.558198622222222	2.04681801111111	0
207	2014-06-01	1.93832967032967	0.867046264395604	1.64220948076923	0.480152887362637	12.0372527472527	12.3550549450549	164.383538461538	0.0444857142857143	13.3352747252747	0.240010989010989	12.2659340659341	0.424709043956044	1.8260912967033	0
208	2014-06-02	2.03942391304348	0.866711480358696	1.63936187404348	0.490734556717391	12.0528260869565	12.4378260869565	210.628195652174	0.0531	13.6301956521739	0.23604347826087	12.3195652173913	0.31388022826087	1.58033931521739	0
209	2014-06-03	2.22260638297872	0.86034390243617	1.62908837029787	0.496586545819149	11.9459574468085	12.3320212765957	195.967627659574	0.0538744680851064	13.858	0.231478723404255	12.1287234042553	0.586029957446809	1.65686191489362	0
210	2014-06-04	2.29259325842697	0.856360746044944	1.63051787570787	0.50143085611236	12.4196629213483	12.7201123595506	113.776752808989	0.0453752808988764	14.2742584269663	0.228629213483146	12.5561797752809	0.937904775280899	1.95446941573034	0
211	2014-06-05	2.24282105263158	0.890128691126316	1.64968791783158	0.508390368831579	12.4529473684211	12.6875789473684	209.151063157895	0.0437536842105263	13.6795894736842	0.226810526315789	12.8989473684211	0.796339284210526	1.62769077894737	0
212	2014-06-06	2.35544526315789	0.892123771368421	1.65671854076842	0.522553134263158	11.9742105263158	12.4627368421053	250.520810526316	0.0449989473684211	15.5395894736842	0.222589473684211	12.1452631578947	0.588430515789474	1.50674664210526	2.42526315789474
213	2014-06-07	2.36846875	0.903237476947917	1.66312305964583	0.54323955675	13.7629166666667	14.2744791666667	219.0846875	0.04570625	19.5704583333333	0.219875	13.3125	0.427060958333333	1.37156483333333	0
214	2014-06-08	2.483	0.916378698494624	1.67236116750538	0.55912806644086	15.2048387096774	15.5623655913978	237.198483870968	0.0460021505376344	22.4967741935484	0.217032258064516	14.5709677419355	0.286681419354839	1.34531320430108	0
215	2014-06-09	2.451425	0.919977727777778	1.6794760297	0.571770699677778	16.4305555555556	16.7307777777778	255.649311111111	0.0461077777777778	24.2233333333333	0.215322222222222	15.6322222222222	1.40816943333333	1.73166368888889	0.32
216	2014-06-10	2.29197204301075	0.926851142333333	1.68157003903226	0.552832039698925	16.8220430107527	16.8060215053763	207.924021505376	0.0472086021505376	23.6206451612903	0.230688172043011	16.489247311828	0.491905301075269	1.574975	0.309677419354839
217	2014-06-11	2.52957462686567	0.488827836343284	1.58648106170149	0.325589024492537	16.6631343283582	16.5991044776119	103.422343283582	0.0442253731343284	20.2302985074627	0.243716417910448	16.6029850746269	13.1445150746269	16.2724442985075	0
218	2014-06-12	2.15323958333333	0.647297048927083	1.5611524639375	0.29268871509375	15.5964583333333	15.5111458333333	225.08971875	0.0337135416666667	18.2422916666667	0.248166666666667	16.0208333333333	8.163235375	11.2210746666667	0
219	2014-06-13	2.0859347826087	0.754937611467391	1.59209041097826	0.374412767445652	14.7813043478261	14.7302173913043	240.015434782609	0.0372369565217391	16.66	0.241097826086957	15.2369565217391	4.51644839130435	7.06460272826087	0.31304347826087
220	2014-06-14	2.13432604166667	0.78436215040625	1.62084560283333	0.42481117228125	13.7169791666667	13.85125	123.339354166667	0.0394791666666667	14.0195208333333	0.234166666666667	14.5458333333333	3.09599655208333	5.22153719791667	0
221	2014-06-15	2.16004838709677	0.79527283244086	1.6416068385914	0.456470305967742	13.3117204301075	13.4733333333333	204.426258064516	0.0415204301075269	14.2477849462366	0.228881720430108	13.810752688172	2.20084191397849	4.1197756344086	0
222	2014-06-16	2.17380625	0.80259050175	1.65441521860417	0.479327936677083	13.4586458333333	13.5767708333333	229.56540625	0.0429052083333333	14.6585520833333	0.224041666666667	13.6375	1.66443301041667	3.40909834375	0
223	2014-06-17	2.15908020833333	0.815381614927083	1.66941403052083	0.500069773177083	14.1358333333333	14.1626041666667	206.71865625	0.0436208333333333	15.3272916666667	0.22075	14.3583333333333	1.29846651041667	2.92647348958333	0
224	2014-06-18	2.19283829787234	0.82581334006383	1.68272836862766	0.517276459787234	13.9365957446809	14.043085106383	218.928691489362	0.0441553191489362	16.3378936170213	0.216808510638298	14.0797872340426	0.947090744680851	2.60342953191489	0
225	2014-06-19	2.19484516129032	0.829778998462366	1.69211804924731	0.528424418956989	13.4525806451613	13.6402150537634	181.285655913979	0.0440709677419355	14.1472580645161	0.212924731182796	13.7806451612903	0.797826494623656	2.37062322580645	0
226	2014-06-20	2.29700736842105	0.839442081294737	1.69558899631579	0.530693384694737	13.3632631578947	13.4822105263158	128.292810526316	0.0444368421052632	14.6002105263158	0.210621052631579	13.8326315789474	0.687994494736842	2.16261412631579	0
227	2014-06-21	2.28019157894737	0.8462754978	1.70194618793684	0.537855493778947	13.2184210526316	13.4162105263158	153.743073684211	0.0452063157894737	13.9276947368421	0.209210526315789	13.6789473684211	0.525073589473684	2.18547606315789	0
228	2014-06-22	2.29281397849462	0.858781933806452	1.71187493098925	0.548115775268817	12.9103225806452	13.2191397849462	204.72388172043	0.045847311827957	14.2609462365591	0.206623655913978	13.2376344086022	0.489914043010753	2.30366132258065	0
229	2014-06-23	2.30047708333333	0.869009884895833	1.72630822051042	0.543177827989583	13.0682291666667	13.3701041666667	240.718010416667	0.0464197916666667	13.8688854166667	0.203666666666667	13.2083333333333	2.4944356875	5.47996942708333	0
230	2014-06-24	2.331484375	0.86785076259375	1.76257904411458	0.551793475989583	13.2165625	13.5603125	191.339604166667	0.0468791666666667	14.6456458333333	0.201541666666667	13.35	2.50038313541667	5.706630375	0
231	2014-06-25	2.22722526315789	0.874782508421053	1.79092891246316	0.540117973326316	13.0830526315789	13.3618947368421	150.369368421053	0.0432378947368421	13.2983894736842	0.201621052631579	13.4894736842105	3.01293211578947	5.54392994736842	0
232	2014-06-26	2.261134375	0.88845667775	1.78689880016667	0.54571219475	12.359375	12.8675	212.72603125	0.0422229166666667	13.233375	0.199541666666667	12.7833333333333	2.46707389583333	4.507338625	0
233	2014-06-27	2.43685263157895	0.895972699210526	1.79859705037895	0.568690008378947	13.1644210526316	13.6371578947368	185.534368421053	0.0454578947368421	16.3977473684211	0.197705263157895	13.0484210526316	1.27720527368421	2.77502453684211	0
234	2014-06-28	2.59727872340426	0.894558898085106	1.83284050741489	0.569134415095745	14.2285106382979	14.423085106383	116.605468085106	0.0440234042553191	16.6945744680851	0.196829787234043	13.9574468085106	0.413805840425532	1.86149906382979	0
235	2014-06-29	2.38492083333333	0.91376043465625	1.85417131498958	0.544401072552083	14.2503125	14.389375	111.148572916667	0.0449958333333333	14.6125	0.196625	14.275	0.4007640625	1.541585375	0
236	2014-06-30	2.36709157894737	0.941684985515789	1.80920134883158	0.5350945768	14.0509473684211	14.2066315789474	202.135494736842	0.0421705263157895	14.6467368421053	0.199242105263158	14.0905263157895	0.534096031578947	1.40688150526316	0
237	2014-07-01	2.59001578947368	0.947030298789474	1.78748094412632	0.531007650673684	12.8709473684211	13.4562105263158	240.954168421053	0.0422694736842105	14.5954526315789	0.198336842105263	13.2673684210526	0.139201189473684	1.14283052631579	0
238	2014-07-02	2.72452395833333	0.959176790791667	1.77303733891667	0.5245691866875	13.0280208333333	13.6028125	255.044072916667	0.0425229166666667	15.2490416666667	0.197583333333333	13.2666666666667	0.0968408333333333	1.04669070833333	0
239	2014-07-03	2.76774130434783	0.967404903684783	1.77330004219565	0.519213441836957	13.7683695652174	14.4017391304348	256.051108695652	0.0446934782608696	17.7609239130435	0.196663043478261	13.7173913043478	0.0407224239130435	1.03511875	0
240	2014-07-04	2.731346875	0.951965791291667	1.8463253725	0.511539076510417	14.8019791666667	15.2985416666667	213.919427083333	0.04636875	20.1889583333333	0.195958333333333	14.4666666666667	0.0809884791666667	1.20610691666667	0
241	2014-07-05	2.68502872340426	0.983568259276596	1.88484707659574	0.519409718478723	15.9909574468085	16.0327659574468	119.892074468085	0.0461202127659574	19.7535106382979	0.195872340425532	15.3808510638298	0.0185601595744681	0.774882063829787	0
242	2014-07-06	2.68061979166667	0.998820829354167	1.88499529516667	0.520516026677083	16.9991666666667	17.0232291666667	186.521927083333	0.0461708333333333	22.4245833333333	0.196125	16.1958333333333	0.033511625	0.953741395833333	2.4
243	2014-07-07	2.55857634408602	1.02634369062366	1.84832032225806	0.521964444107527	16.2889247311828	16.3290322580645	163.228247311828	0.0467709677419355	18.3870967741935	0.196086021505376	16.1505376344086	0.021917688172043	0.982770827956989	0.619354838709677
244	2014-07-08	2.06996329113924	0.993366790341772	1.88914338581013	0.463219498531646	15.559746835443	15.5406329113924	61.1116075949367	0.0280291139240506	16.110253164557	0.231405063291139	15.7037974683544	2.73455148101266	4.09511794936709	0
245	2014-07-09	2.00844791666667	0.983593732541667	1.84156271658333	0.246168654385417	14.0942708333333	14.2258333333333	48.2449791666667	0.021121875	13.1878125	0.265083333333333	14.6041666666667	12.2351898645833	14.83779490625	0
246	2014-07-10	1.97095957894737	0.972146719021053	1.79965658231579	0.225869588315789	15.1429473684211	15.0728421052632	217.875482142857	0.03354	17.5090526315789	0.256410526315789	14.8789473684211	6.36207604210526	8.08369643157895	0
247	2014-07-11	1.89928989473684	0.945807456157895	1.76026533988421	0.212515461694737	15.6537894736842	15.5478947368421	NaN	0.0326484210526316	18.388	0.256884210526316	15.6863157894737	5.75559186315789	8.05390941052632	0
248	2014-07-12	1.79498645833333	0.917280688375	1.76902995492708	0.230422442322917	16.0953125	15.9609375	NaN	0.036228125	19.0996875	0.260125	16.2416666666667	5.99209151041667	8.38976622916667	0
249	2014-07-13	1.75931770833333	0.909477678947917	1.79087064194792	0.284348759822917	15.755625	15.696875	NaN	0.0363552083333333	17.415625	0.258375	16.225	4.4299038125	6.78934510416667	0
250	2014-07-14	1.75498958333333	0.917804615760417	1.76039319830208	0.277021724666667	16.2689583333333	16.1108333333333	NaN	0.038140625	18.5669791666667	0.258958333333333	16.6166666666667	3.19939345833333	5.26932152083333	0
251	2014-07-15	1.91663541666667	0.920718079083333	1.71822236811458	0.410738579302083	16.1898958333333	16.0302083333333	213.850291666667	0.0443697916666667	19.4573958333333	0.25125	16.5708333333333	1.59525	3.47340342708333	0
252	2014-07-16	2.17157916666667	0.913030134052083	1.71569887132292	0.47144030496875	16.7141666666667	16.5439583333333	196.842479166667	0.045534375	20.84875	0.244333333333333	17.0416666666667	0.916048333333333	2.76537915625	0
253	2014-07-17	2.20034526315789	0.911025228031579	1.72828184192632	0.501219142189474	16.5232631578947	16.4618947368421	231.253789473684	0.0450536842105263	21.1101052631579	0.236989473684211	16.9926315789474	0.587947631578947	2.2119424	0
254	2014-07-18	2.29330842105263	0.897570712547368	1.75663778986316	0.513332878389474	17.2048421052632	17.2110526315789	230.632010526316	0.0475126315789474	22.8153684210526	0.229852631578947	17.4368421052632	0.379368157894737	1.89813221052632	0
255	2014-07-19	2.40952	0.890519507957895	1.79811217983158	0.512233033557895	17.8158947368421	17.7410526315789	232.144157894737	0.0484652631578947	23.9422105263158	0.223442105263158	17.9073684210526	0.236303221052632	1.72776955789474	0
256	2014-07-20	2.42724631578947	0.894273584547368	1.83128091690526	0.509128414105263	17.9108421052632	17.7138947368421	107.769673684211	0.0486115789473684	22.6706315789474	0.218831578947368	18.1810526315789	0.269187726315789	1.62524909473684	6.36631578947368
257	2014-07-21	2.12464166666667	0.90743637978125	1.82821661735417	0.505320485625	17.7948958333333	17.6314583333333	93.4979791666667	0.0435833333333333	20.6382291666667	0.221333333333333	18.1833333333333	0.49145725	1.97777757291667	3.3
258	2014-07-22	2.05106770833333	0.928432213614583	1.8017021299375	0.5094994013125	18.3117708333333	18.1361458333333	185.6896875	0.0436864583333333	22.473125	0.225083333333333	18.5375	0.310363083333333	1.73634771875	2.7
259	2014-07-23	2.24090526315789	0.934834040157895	1.79663961002105	0.521297039757895	18.1577894736842	18.0731578947368	205.653852631579	0.0472421052631579	21.3083157894737	0.228905263157895	18.4505263157895	0.113222115789474	1.31118045263158	0
260	2014-07-24	2.02292526315789	0.749873633410526	1.7885763924	0.448951652126316	17.2012631578947	17.2961052631579	196.644905263158	0.0364852631578947	19.0023157894737	0.240410526315789	17.7421052631579	9.99303828421053	3.14904005263158	78.5178947368421
261	2014-07-25	2.08404042553191	0.600500411180851	1.68977933778723	0.264939538085106	16.971914893617	16.8508510638298	202.206606382979	0.0397585106382979	18.8958510638298	0.247787234042553	17.2787234042553	0.989950946808511	2.21279090425532	0
262	2014-07-26	2.25520537634409	0.786838199032258	1.71277380490323	0.367259187333333	16.8918279569892	16.8783870967742	163.046344086021	0.0426838709677419	19.8474193548387	0.243182795698925	17.3344086021505	0.371404215053763	1.58869566666667	0
263	2014-07-27	2.34131276595745	0.817619607340425	1.71898142112766	0.437893314297872	17.4906382978723	17.3377659574468	190.0455	0.0415968085106383	21.2364893617021	0.237265957446809	17.7585106382979	0.222346957446809	1.4315660106383	0
264	2014-07-28	2.27547368421053	0.829623943494737	1.75900826809474	0.467617507989474	17.7594736842105	17.5575789473684	187.622631578947	0.0472115789473684	20.7104210526316	0.232178947368421	18.0168421052632	0.300895294736842	1.61129412631579	18.4926315789474
265	2014-07-29	1.80052968421053	0.660525187747368	1.75894541450526	0.358998426621053	18.2058947368421	18.0398947368421	110.921684210526	0.0287926315789474	20.5433684210526	0.266442105263158	18.4915789473684	23.1913745578947	25.9116145052632	1.21263157894737
266	2014-07-30	2.59341458333333	0.334475623645833	1.66659731051042	0.174708081197917	17.6697916666667	17.6123958333333	72.4326458333333	0.032246875	19.5066666666667	0.25725	18.575	26.5708205520833	30.1815391979167	5.7
267	2014-07-31	2.830096875	0.700196373541667	1.65685874542708	0.273861850166667	17.2590625	17.1426041666667	209.260875	0.038390625	19.5584375	0.251666666666667	17.9958333333333	10.2671409270833	14.15658403125	0
268	2014-08-01	2.99936666666667	0.764867776552083	1.69170788069792	0.399499400208333	16.98125	16.8620833333333	216.580895833333	0.0399479166666667	19.694375	0.245208333333333	17.575	6.46759528125	9.55408389583333	0
269	2014-08-02	3.16081145833333	0.791448215302083	1.73040446002083	0.452092051541667	16.7301041666667	16.7192708333333	140.422395833333	0.0411333333333333	19.5163541666667	0.238916666666667	17.4875	4.35230579166667	7.12880933333333	0
270	2014-08-03	3.24456315789474	0.816108115957895	1.72680927211579	0.467704380968421	17.2461052631579	17.0973684210526	150.598147368421	0.0418526315789474	20.4304210526316	0.234589473684211	17.9368421052632	2.98144788421053	5.39554254736842	0
271	2014-08-04	3.23767777777778	0.829226021044444	1.70979590288889	0.4860096151	16.9874444444444	16.8587777777778	144.845644444444	0.0424566666666667	19.0517777777778	0.230211111111111	17.7588888888889	2.39704801111111	4.63677558888889	1.92
272	2014-08-05	2.94856979166667	0.838655188854167	1.6916634529375	0.488184114427083	16.744375	16.6705208333333	128.68059375	0.0290177083333333	17.7163541666667	0.227625	17.6208333333333	2.36937816666667	4.50029378125	5.1
273	2014-08-06	2.85665833333333	0.834602918020833	1.71002988909375	0.493332342083333	15.9940625	16.0107291666667	141.52621875	0.0293239583333333	17.7785416666667	0.225625	16.8708333333333	1.910804625	3.93719942708333	0
274	2014-08-07	2.69435869565217	0.846397477782609	1.73246668076087	0.50689760951087	16.6794565217391	16.5848913043478	165.064641304348	0.0374315217391304	18.811847826087	0.223782608695652	17.3630434782609	1.34293015217391	3.30125070652174	0.626086956521739
275	2014-08-08	2.529290625	0.841102185239583	1.75548837355208	0.49971117771875	16.4158333333333	16.4739583333333	166.923614583333	0.0414677083333333	18.9632291666667	0.221541666666667	16.9458333333333	1.15510592708333	3.22850365625	0.6
276	2014-08-09	2.31168333333333	0.858386266166667	1.77879517666667	0.493999405125	17.1216666666667	17.0830208333333	159.967385416667	0.0424052083333333	19.315	0.219083333333333	17.4	0.60014425	2.21077747916667	0.3
277	2014-08-10	1.95824645833333	0.847901564979167	1.79040859323958	0.471546267364583	16.7623958333333	16.7888541666667	92.0053958333333	0.04044375	18.4288541666667	0.218416666666667	17.1	4.87828609375	6.02052217708333	10.5
278	2014-08-11	1.934109375	0.860514305822917	1.73318563782292	0.4168292075625	16.2917708333333	16.28125	181.646385416667	0.028690625	16.693125	0.237125	17.1166666666667	3.11111485416667	5.28634538541667	0
279	2014-08-12	2.27851875	0.843822729677083	1.74874423952083	0.4484951598125	15.4802083333333	15.6107291666667	175.318302083333	0.0307114583333333	17.0952083333333	0.232625	16.2875	1.45138642708333	3.19871764583333	0
280	2014-08-13	2.23259104166667	0.833902605260417	1.79091506970833	0.432232275645833	15.3141666666667	15.46375	64.8081770833333	0.031728125	15.6934375	0.235333333333333	15.95	4.92233491666667	5.82577028125	14.1
281	2014-08-14	2.15994184782609	0.84480378801087	1.72706085672826	0.32857213075	15.5758695652174	15.6088043478261	142.400260869565	0.0268597826086957	15.2669565217391	0.250913043478261	16.0173913043478	5.76641843478261	6.83327545652174	6.26086956521739
282	2014-08-15	2.33915625	0.839529206166667	1.70760258275	0.290672001697917	14.9069791666667	15.0755208333333	95.27884375	0.02903125	14.2407291666667	0.256875	15.6083333333333	6.92048863541667	7.51689561458333	2.4
283	2014-08-16	2.61501666666667	0.822592148145833	1.70897031379167	0.30965537865625	15.0378125	15.124375	144.592322916667	0.0319875	15.4520833333333	0.254833333333333	15.7083333333333	5.63938211458333	6.2958939375	0.3
284	2014-08-17	3.05292083333333	0.802644102645833	1.6965151055	0.400782814239583	14.61625	14.8159375	96.9170729166667	0.0348020833333333	15.3714583333333	0.249833333333333	15.5416666666667	4.32638127083333	5.16934983333333	0
285	2014-08-18	3.333765	0.810633878575	1.70554331115	0.4549031373125	14.5215	14.674125	92.4482625	0.03741625	14.9005	0.245175	15.565	3.179704175	3.7603091375	0
286	2014-08-19	3.37235104166667	0.826029505989583	1.72198048633333	0.481307887395833	13.24625	13.6036458333333	132.529364583333	0.03934375	12.3805208333333	0.24125	14.3833333333333	2.91840035416667	3.22615746875	0.3
287	2014-08-20	3.35027395833333	0.840556555854167	1.739111563625	0.498014282145833	12.9130208333333	13.2842708333333	165.79465625	0.0409479166666667	12.7416979166667	0.236958333333333	13.7791666666667	2.39580052083333	2.73673239583333	0
288	2014-08-21	3.29405520833333	0.84883829403125	1.74937643429167	0.508412017375	12.8469791666667	13.1944791666667	172.07534375	0.0421520833333333	12.5724895833333	0.232458333333333	13.6791666666667	1.99334925	2.50969575	0
289	2014-08-22	3.20587291666667	0.849138783677083	1.75347175558333	0.519918080458333	12.4901041666667	12.9336458333333	126.1544375	0.0430364583333333	13.3127916666667	0.228041666666667	13.3583333333333	1.79461503125	2.32149692708333	0
290	2014-08-23	3.12448924731183	0.859867992903226	1.76639032283871	0.53208158788172	13.3966666666667	13.6629032258065	108.113397849462	0.041505376344086	13.4705376344086	0.224677419354839	14.1150537634409	1.39105958064516	2.03135262365591	1.23870967741935
291	2014-08-24	2.89890729166667	0.870585216635417	1.77863407083333	0.540244540104167	12.5829166666667	12.9679166666667	142.751770833333	0.03585625	12.0855729166667	0.222333333333333	13.6458333333333	1.377931875	1.82028623958333	0
292	2014-08-25	2.72824166666667	0.857540311666667	1.77089999458333	0.536921271864583	12.343125	12.7772916666667	90.6635520833333	0.0359833333333333	12.6715104166667	0.221208333333333	13.2666666666667	1.59912142708333	2.0964231875	3
293	2014-08-26	1.75080947368421	0.844145825578947	1.73606311330526	0.412990454694737	13.6762105263158	13.8450526315789	43.3906631578947	0.0268421052631579	13.3033684210526	0.249905263157895	13.9821052631579	12.0333992947368	12.3905771052632	22.4336842105263
294	2014-08-27	2.45456458333333	0.738109891416667	1.67495218604167	0.249797932604167	14.0589583333333	14.1566666666667	162.841447916667	0.0332708333333333	14.1089895833333	0.256916666666667	13.9958333333333	15.140552875	15.3415825520833	0.6
295	2014-08-28	3.14320729166667	0.790935158333333	1.65739406179167	0.33344909184375	13.7433333333333	13.8769791666667	129.2555	0.0399166666666667	15.1083125	0.251708333333333	13.675	7.78510269791667	8.51994242708333	0
296	2014-08-29	3.50565894736842	0.816515482442105	1.66748568997895	0.403656061315789	14.998	14.9525263157895	147.262094736842	0.0387357894736842	17.5727368421053	0.247652631578947	14.9631578947368	5.54629336842105	6.54879951578947	1.51578947368421
297	2014-08-30	3.66012083333333	0.82728425321875	1.67900618020833	0.45724944590625	14.7541666666667	14.7775	107.211760416667	0.0393822916666667	16.3780208333333	0.243875	15.1583333333333	4.65798479166667	5.98114279166667	0.3
298	2014-08-31	3.70241458333333	0.830029266739583	1.68445939275	0.478684017635417	14.5908333333333	14.6579166666667	88.6422916666667	0.0401947916666667	15.02625	0.241166666666667	15.3833333333333	4.10414717708333	5.07382203125	0.6
299	2014-09-01	3.660275	0.848279951791667	1.70391856475	0.497642446489583	13.7638541666667	13.9711458333333	97.3155520833333	0.040165625	14.028125	0.238708333333333	14.6375	3.54446021875	4.3169581875	0
300	2014-09-02	3.60094791666667	0.855432823489583	1.713654054625	0.5090180505	14.00625	14.1402083333333	98.1440416666667	0.0400572916666667	15.4958333333333	0.236291666666667	14.5666666666667	3.06173608333333	3.87933954166667	0
301	2014-09-03	3.46336458333333	0.853179151145833	1.717373495875	0.51716845359375	13.9216666666667	14.0833333333333	61.2475729166667	0.0392270833333333	14.7986458333333	0.233666666666667	14.5958333333333	2.87460144791667	3.61520832291667	0
302	2014-09-04	3.2785625	0.847244480729167	1.71586407183333	0.517326837708333	14.5533333333333	14.6040625	73.4140104166667	0.0360635416666667	16.7763541666667	0.231833333333333	15.0541666666667	2.60996841666667	3.38932088541667	0
303	2014-09-05	3.07791666666667	0.848066766604167	1.71863102125	0.51903598690625	15.0645833333333	14.9990625	97.132625	0.0351166666666667	18.2242708333333	0.230125	15.6125	2.352005875	3.07628628125	0
304	2014-09-06	2.8859829787234	0.853264857287234	1.7239960106383	0.52216462156383	15.228085106383	15.1653191489362	124.028840425532	0.0390042553191489	18.5051063829787	0.228	15.768085106383	1.98511759574468	2.63554277659574	1.83829787234043
305	2014-09-07	2.71036595744681	0.868275170170213	1.7345275187234	0.529257649202128	15.6372340425532	15.5193617021277	96.0932021276596	0.0418563829787234	18.0236170212766	0.226925531914894	16.1723404255319	1.62913771276596	2.36754688297872	0
306	2014-09-08	2.68823676470588	0.869691271985294	1.74212774917647	0.53790179975	14.7769117647059	14.8322058823529	178.036147058824	0.0427161764705882	17.0727941176471	0.225176470588235	15.4764705882353	1.31830882352941	2.06962248529412	0
307	2014-09-09	2.67987272727273	0.872336657818182	1.74799045490909	0.544772083818182	13.8354545454545	14.0772727272727	0.315	0.0423545454545455	10.4754545454545	0.221	15.0818181818182	1.39688209090909	2.19209581818182	0
308	2014-09-10	2.55671263157895	0.868671935494737	1.75017871911579	0.544778686442105	13.5488421052632	13.8034736842105	72.5311894736842	0.0431473684210526	13.4085263157895	0.220294736842105	14.5336842105263	1.27712105263158	1.98576394736842	0
309	2014-09-11	2.52329375	0.877126957375	1.753150978375	0.546923027197917	13.2610416666667	13.5625	100.600989583333	0.0436552083333333	13.2716666666667	0.2185	14.1958333333333	1.31912266666667	2.02672283333333	0
310	2014-09-12	2.39944375	0.8842412526875	1.75926936083333	0.549492123677083	12.8730208333333	13.1863541666667	43.5807708333333	0.0438489583333333	14.7062916666667	0.217791666666667	13.5541666666667	1.33913419791667	1.97553872916667	0
311	2014-09-13	2.298984375	0.893651857375	1.76782604366667	0.554752204979167	14.2432291666667	14.3505208333333	35.3482291666667	0.0441583333333333	16.325625	0.218	14.5583333333333	1.17338810416667	1.920156625	0
312	2014-09-14	2.24590625	0.8790375030625	1.76359493325	0.548431252802083	14.5296875	14.5848958333333	81.6607916666667	0.0430697916666667	16.1594791666667	0.217083333333333	15.0041666666667	1.12502836458333	1.9363218125	0
313	2014-09-15	2.29428229166667	0.879983639375	1.76599387445833	0.548916788072917	14.2828125	14.4413541666667	54.1861770833333	0.0410677083333333	15.9522916666667	0.216166666666667	14.7666666666667	1.04977644791667	1.84776122916667	0
314	2014-09-16	2.22268947368421	0.891296112642105	1.76871116917895	0.551138991073684	14.3018947368421	14.4814736842105	127.404505263158	0.0397715789473684	16.2823157894737	0.215126315789474	14.7515789473684	0.995196821052632	1.7048814	0
315	2014-09-17	2.28870736842105	0.894117210252632	1.76968363061053	0.558760640989474	13.9838947368421	14.2324210526316	136.764526315789	0.0424021052631579	16.0077894736842	0.213621052631579	14.4284210526316	0.93968632631579	1.58676508421053	0
316	2014-09-18	2.26460631578947	0.906884985147368	1.77378626442105	0.564790846094737	14.1504210526316	14.4087368421053	75.8005684210526	0.0412473684210526	16.2787368421053	0.212715789473684	14.5042105263158	0.797540705263158	1.62169687368421	1.21263157894737
317	2014-09-19	2.086546875	0.91800979140625	1.77738244933333	0.566999617708333	15.0125	15.0571875	90.2536979166667	0.039596875	17.5971875	0.212625	15.3416666666667	0.755353416666667	1.62014755208333	0.3
318	2014-09-20	2.01033936170213	0.925680960170213	1.78231926123404	0.569227991787234	14.9818085106383	15.0782978723404	84.4367446808511	0.0405691489361702	16.7559574468085	0.212276595744681	15.363829787234	1.01448171276596	1.85853224468085	3.06382978723404
319	2014-09-21	1.65020691489362	0.924623457765957	1.75279687148936	0.519522903	15.0522340425532	15.0794680851064	37.9643510638298	0.0333212765957447	14.8479787234043	0.216074468085106	15.4297872340426	6.10307365957447	5.87367473404255	6.43404255319149
320	2014-09-22	1.61086979166667	0.8977125281875	1.7174384385	0.464952412791667	12.7269791666667	13.0777083333333	63.3295208333333	0.0251958333333333	10.4495625	0.223	13.8791666666667	3.15403853125	4.01615021875	3.3
321	2014-09-23	1.77838020833333	0.867809748166667	1.72405865033333	0.468962211270833	11.3702083333333	11.8151041666667	117.7454375	0.036053125	9.50354166666667	0.229166666666667	12.1458333333333	2.39094096875	3.17589951041667	0
322	2014-09-24	1.93006458333333	0.8430416864375	1.72025852279167	0.48219175365625	11.0964583333333	11.5030208333333	79.3325520833333	0.0399427083333333	9.73720833333333	0.230458333333333	11.6666666666667	1.83125260416667	2.64836020833333	0.6
323	2014-09-25	1.96957604166667	0.88087292621875	1.74673149829167	0.507256234020833	12.4838541666667	12.7004166666667	79.4371145833333	0.0400885416666667	12.7794791666667	0.229458333333333	12.6875	1.2006765	2.00848525	0
324	2014-09-26	1.954084375	0.89637453709375	1.758110233375	0.522045934260417	13.0598958333333	13.2048958333333	57.6643229166667	0.04116875	14.2315625	0.2295	13.3833333333333	1.01195954166667	2.05272998958333	0
325	2014-09-27	1.92578421052632	0.901733148010526	1.766298908	0.535763859336842	13.7665263157895	13.8397894736842	98.5855789473684	0.0427715789473684	14.6185263157895	0.229042105263158	14.0063157894737	1.00466696842105	1.99644317894737	0
326	2014-09-28	1.97816145833333	0.89020840853125	1.76243777375	0.540783516958333	12.6352083333333	12.8425	99.0523958333333	0.0434625	12.7810416666667	0.227875	13.15	1.03528627083333	1.91480661458333	0
327	2014-09-29	1.95445824175824	0.893801923692308	1.76736601718681	0.550732023384615	13.2948351648352	13.4386813186813	84.3407692307692	0.0441054945054945	15.9868131868132	0.227	13.4956043956044	0.852063769230769	1.8255988021978	0.316483516483516
328	2014-09-30	1.97531595744681	0.900773669212766	1.77260575387234	0.560233951691489	14.4773404255319	14.4782978723404	65.9238191489362	0.0445755319148936	16.586914893617	0.226340425531915	14.6265957446809	0.847999776595745	1.87687718085106	0
329	2014-10-01	1.95417916666667	0.9091636199375	1.778797411375	0.570392234302083	13.86375	13.9280208333333	90.0143541666667	0.0441166666666667	14.703125	0.225166666666667	14.2958333333333	0.747345447916667	1.62685048958333	0
330	2014-10-02	1.99363958333333	0.90774441553125	1.78399675729167	0.576625041197917	13.1165625	13.31625	110.295916666667	0.0440666666666667	13.9144791666667	0.223833333333333	13.5375	0.727516458333333	1.5824918125	0
331	2014-10-03	2.015890625	0.89465890375	1.778478602125	0.577775271260417	12.3238541666667	12.71375	108.75596875	0.0442947916666667	12.68553125	0.22275	12.7166666666667	0.78916721875	1.64978821875	0
332	2014-10-04	2.04411041666667	0.8824870429375	1.76856402804167	0.574548846635417	11.7752083333333	12.1173958333333	108.0995	0.043440625	11.5285625	0.221666666666667	12.1583333333333	0.764609010416667	1.570803	0
333	2014-10-05	2.05691875	0.898561208458333	1.77474932108333	0.58062104575	11.3033333333333	11.7722916666667	68.80628125	0.0432447916666667	10.1762291666667	0.220625	11.7416666666667	0.734305208333333	1.517229	0
334	2014-10-06	1.9622875	0.890338349958333	1.76810155783333	0.576021868875	11.9039583333333	12.2577083333333	69.1386875	0.0434354166666667	11.9084895833333	0.220583333333333	12.0791666666667	0.78150221875	1.67224810416667	0
335	2014-10-07	1.61551979166667	0.90090436453125	1.76178678564583	0.577765502177083	12.6567708333333	12.7941666666667	39.0574375	0.0409479166666667	12.88875	0.221875	12.5833333333333	1.04000546875	1.86438760416667	11.4
336	2014-10-08	1.33486315789474	0.888824736842105	1.75328522625263	0.524813148642105	12.5088421052632	12.7121052631579	23.9613578947368	0.0295810526315789	13.2503157894737	0.235684210526316	12.5536842105263	0.151938547368421	0.291113189473684	3.33473684210526
337	2014-10-09	1.42610729166667	0.863413125	1.73203321109375	0.3975898323125	14.0455208333333	14.0479166666667	27.07009375	0.0318177083333333	15.6089583333333	0.251041666666667	13.7208333333333	3.93754263541667	4.83765403125	6.3
338	2014-10-10	1.98236145833333	0.6795865625	1.69335141564583	0.251152362739583	13.5201041666667	13.606875	64.1178645833333	0.0361927083333333	13.9004166666667	0.246416666666667	13.675	22.0786732708333	23.9739635	0.6
339	2014-10-11	1.97536413043478	0.724602934782609	1.67393478578261	0.318029704945652	13.6640217391304	13.7433695652174	48.5084565217391	0.0395173913043478	13.6545652173913	0.245923913043478	13.9054347826087	7.22378916304348	8.66348609782609	0.626086956521739
340	2014-10-12	2.24943125	0.7205365625	1.66661434017708	0.344455084052083	12.5459375	12.7665625	58.2277604166667	0.0408885416666667	11.6354791666667	0.245958333333333	12.8833333333333	6.40700945833333	7.62783445833333	0.3
341	2014-10-13	2.11966382978723	0.69782914893617	1.65400991879787	0.312884960042553	13.4152127659574	13.5351063829787	47.7238617021277	0.039831914893617	13.64	0.248659574468085	13.468085106383	7.52562743617021	9.05515264893617	0.306382978723404
342	2014-10-14	2.41139791666667	0.7073896875	1.65111725863542	0.361205448145833	12.6175	12.8205208333333	64.5721458333333	0.0408104166666667	12.3239583333333	0.245541666666667	12.875	3.488377375	4.66034538541667	0
343	2014-10-15	2.66422395833333	0.71276	1.6475605675625	0.40493444603125	12.1259375	12.4370833333333	72.8259166666667	0.0412229166666667	11.6929375	0.24375	12.1416666666667	4.26494027083333	5.77955220833333	0
344	2014-10-16	2.36120568181818	0.724564545454545	1.64826520403409	0.382879492079545	12.7877272727273	12.99125	44.7159772727273	0.0410363636363636	12.6845454545455	0.245227272727273	12.6056818181818	5.38737698863636	7.08424334090909	0.327272727272727
345	2014-10-17	2.324190625	0.722669375	1.66171766625	0.37050475484375	12.9557291666667	13.1246875	55.2224166666667	0.0405833333333333	12.7261354166667	0.244791666666667	12.7833333333333	5.13898035416667	6.79347698958333	0.6
346	2014-10-18	2.41352291666667	0.7296803125	1.66335107166667	0.412956428604167	12.4558333333333	12.6427083333333	81.165	0.04115	12.7596875	0.24325	12.4125	4.30702845833333	5.89490497916667	0.6
347	2014-10-19	2.47856458333333	0.727000625	1.65006735291667	0.444908885125	12.9240625	13.0367708333333	64.4455833333333	0.0416322916666667	15.2039583333333	0.241583333333333	12.5916666666667	3.88832148958333	5.547782375	0.9
348	2014-10-20	2.46108854166667	0.7382553125	1.645983839375	0.42850688215625	13.2633333333333	13.3819791666667	57.49790625	0.0409291666666667	12.9919375	0.241625	13.2625	3.82481133333333	5.38187138541667	0.9
349	2014-10-21	2.578559375	0.7182396875	1.632582043125	0.4330065466875	11.6245833333333	11.9148958333333	29.6436770833333	0.0418239583333333	10.0157083333333	0.241583333333333	12.2166666666667	3.6714693125	5.25783721875	0
350	2014-10-22	2.38724895833333	0.75266	1.65267489770833	0.394725529729167	9.9246875	10.31125	34.7857916666667	0.0397072916666667	8.11186458333333	0.241666666666667	11.2458333333333	3.9747025625	5.21503910416667	0.3
351	2014-10-23	2.402864	0.746962	1.6627307712	0.4170632192	10.0792	10.438	45.14212	0.041436	9.00606	0.24464	10.808	3.85093566	4.82068746	0
